RS,BA,OBP,SLG,Year,Team,League,RA,OOBP,OSLG,W,G,Playoffs,RankSeason,RankPlayoffs
687,.242,.304,.389,2025,WSN,NL,899,.342,.443,66,162,0,,
798,.265,.333,.427,2025,TOR,AL,721,.313,.408,94,162,1,3.0,2.0
684,.234,.302,.381,2025,TEX,AL,605,.295,.374,81,162,0,,
758,.247,.316,.413,2025,DET,AL,691,.308,.398,87,162,1,9.0,4.0
597,.237,.293,.386,2025,COL,NL,1021,.362,.498,43,162,0,,
643,.226,.296,.373,2025,CLE,AL,649,.310,.384,88,162,1,8.0,5.0
716,.245,.315,.391,2025,CIN,NL,681,.303,.398,83,162,1,10.0,5.0
647,.232,.302,.373,2025,CHW,AL,742,.328,.415,60,162,0,,
793,.249,.320,.430,2025,CHC,NL,649,.296,.401,92,162,1,5.0,4.0
786,.254,.324,.421,2025,BOS,AL,676,.316,.375,89,162,1,7.0,5.0
677,.235,.305,.394,2025,BAL,AL,788,.326,.431,75,162,0,,
724,.245,.320,.399,2025,ATL,NL,734,.319,.408,76,162,0,,
733,.253,.318,.431,2025,OAK,AL,817,.328,.432,76,162,0,,
791,.251,.325,.433,2025,ARI,NL,785,.318,.425,80,162,0,,
825,.253,.327,.441,2025,LAD,NL,683,.310,.386,93,162,1,4.0,1.0
673,.225,.298,.397,2025,LAA,AL,837,.337,.435,72,162,0,,
651,.247,.309,.397,2025,KCR,AL,637,.306,.392,82,162,0,,
686,.250,.315,.399,2025,HOU,AL,665,.303,.393,87,162,0,,
714,.251,.313,.401,2025,TBR,AL,683,.305,.399,77,162,0,,
689,.245,.314,.379,2025,STL,NL,754,.319,.414,78,162,0,,
705,.235,.311,.386,2025,SFG,NL,684,.318,.389,81,162,0,,
766,.244,.320,.420,2025,SEA,AL,694,.305,.396,90,162,1,6.0,3.0
702,.252,.321,.390,2025,SDP,NL,621,.302,.370,90,162,1,6.0,5.0
583,.231,.305,.350,2025,PIT,NL,645,.304,.382,71,162,0,,
778,.258,.328,.431,2025,PHI,NL,648,.304,.393,96,162,1,2.0,4.0
849,.251,.332,.455,2025,NYY,AL,685,.306,.379,94,162,1,3.0,4.0
766,.249,.326,.427,2025,NYM,NL,715,.322,.384,83,162,0,,
678,.238,.310,.397,2025,MIN,AL,773,.318,.417,70,162,0,,
806,.258,.332,.403,2025,MIL,NL,634,.305,.372,97,162,1,1.0,3.0
709,.250,.314,.393,2025,MIA,NL,798,.317,.415,79,162,0,,
842,.258,.335,.446,2024,LAD,NL,686,.304,.399,98,162,1,1.0,1.0
635,.229,.301,.369,2024,LAA,AL,797,.328,.415,63,162,0,,
735,.248,.306,.403,2024,KCR,AL,644,.308,.383,86,162,1,9.0,4.0
740,.262,.322,.418,2024,HOU,AL,649,.307,.381,88,161,1,8.0,5.0
672,.248,.312,.392,2024,STL,NL,719,.309,.405,83,162,0,,
693,.239,.305,.396,2024,SFG,NL,699,.319,.389,80,162,0,,
676,.224,.311,.376,2024,SEA,AL,607,.276,.374,85,162,0,,
760,.263,.324,.420,2024,SDP,NL,669,.304,.385,93,162,1,4.0,4.0
665,.234,.301,.371,2024,PIT,NL,739,.321,.402,76,162,0,,
784,.257,.325,.425,2024,PHI,NL,671,.305,.397,95,162,1,2.0,4.0
643,.233,.301,.393,2024,OAK,AL,764,.327,.410,69,162,0,,
815,.248,.333,.429,2024,NYY,AL,668,.309,.391,94,162,1,3.0,2.0
768,.246,.319,.415,2024,NYM,NL,697,.315,.373,89,162,1,7.0,3.0
742,.246,.315,.411,2024,MIN,AL,735,.303,.400,82,162,0,,
777,.248,.326,.403,2024,MIL,NL,641,.306,.388,93,162,1,4.0,5.0
637,.244,.300,.378,2024,MIA,NL,841,.332,.428,62,162,0,,
660,.243,.309,.375,2024,WSN,NL,764,.319,.406,71,162,0,,
671,.241,.313,.389,2024,TOR,AL,743,.314,.411,74,162,0,,
683,.238,.305,.380,2024,TEX,AL,738,.316,.403,78,162,0,,
604,.230,.302,.366,2024,TBR,AL,663,.299,.390,80,162,0,,
682,.234,.300,.385,2024,DET,AL,642,.292,.372,86,162,1,9.0,4.0
682,.242,.304,.400,2024,COL,NL,929,.354,.468,61,162,0,,
708,.238,.307,.395,2024,CLE,AL,621,.301,.395,92,161,1,5.0,3.0
699,.231,.305,.388,2024,CIN,NL,694,.311,.404,77,162,0,,
507,.221,.278,.340,2024,CHW,AL,813,.337,.423,41,162,0,,
736,.242,.317,.393,2024,CHC,NL,669,.305,.386,83,162,0,,
751,.252,.319,.423,2024,BOS,AL,747,.310,.397,81,162,0,,
786,.250,.315,.435,2024,BAL,AL,699,.303,.390,91,162,1,6.0,5.0
704,.243,.309,.415,2024,ATL,NL,607,.301,.372,89,162,1,7.0,5.0
886,.263,.337,.440,2024,ARI,NL,788,.324,.434,89,162,0,,
906,.257,.340,.455,2023,LAD,NL,699,.301,.400,100,162,1,3.0,4.0
739,.245,.317,.426,2023,LAA,AL,829,.337,.422,73,162,0,,
676,.244,.303,.398,2023,KCR,AL,859,.336,.442,56,162,0,,
827,.259,.331,.437,2023,HOU,AL,698,.316,.408,90,162,1,6.0,3.0
661,.236,.305,.382,2023,DET,AL,740,.305,.399,78,162,0,,
721,.249,.310,.405,2023,COL,NL,957,.361,.486,59,162,0,,
758,.242,.321,.413,2023,SEA,AL,659,.297,.392,88,162,0,,
752,.244,.329,.413,2023,SDP,NL,648,.314,.383,82,162,0,,
692,.239,.315,.392,2023,PIT,NL,790,.331,.413,76,162,0,,
796,.256,.327,.438,2023,PHI,NL,715,.304,.397,90,162,1,6.0,3.0
585,.223,.298,.370,2023,OAK,AL,924,.355,.453,50,162,0,,
673,.227,.304,.397,2023,NYY,AL,698,.308,.396,82,162,0,,
717,.238,.316,.407,2023,NYM,NL,729,.330,.406,75,162,0,,
778,.243,.326,.428,2023,MIN,AL,659,.299,.398,87,162,1,8.0,4.0
728,.240,.319,.385,2023,MIL,NL,647,.297,.385,92,162,1,5.0,5.0
666,.259,.316,.405,2023,MIA,NL,723,.317,.413,84,162,1,9.0,5.0
700,.254,.314,.396,2023,WSN,NL,845,.346,.457,71,162,0,,
746,.256,.329,.417,2023,TOR,AL,671,.309,.403,89,162,1,7.0,5.0
881,.263,.337,.452,2023,TEX,AL,716,.313,.406,90,162,1,6.0,1.0
860,.260,.331,.445,2023,TBR,AL,665,.294,.386,99,162,1,4.0,5.0
719,.250,.326,.416,2023,STL,NL,829,.343,.447,71,162,0,,
674,.235,.312,.383,2023,SFG,NL,719,.311,.408,79,162,0,,
746,.250,.322,.408,2023,ARI,NL,761,.320,.429,84,162,1,9.0,2.0
947,.276,.344,.501,2023,ATL,NL,716,.318,.398,104,162,1,1.0,4.0
807,.255,.321,.421,2023,BAL,AL,678,.307,.395,101,162,1,2.0,4.0
772,.258,.324,.424,2023,BOS,AL,776,.325,.433,78,162,0,,
819,.254,.330,.421,2023,CHC,NL,723,.314,.399,83,162,0,,
641,.238,.291,.384,2023,CHW,AL,841,.337,.424,61,162,0,,
783,.249,.327,.420,2023,CIN,NL,821,.337,.443,82,162,0,,
662,.250,.313,.381,2023,CLE,AL,697,.316,.400,76,162,0,,
705,.241,.318,.382,2022,SDP,NL,660,.301,.377,89,162,1,8.0,3.0
690,.230,.315,.390,2022,SEA,AL,623,.298,.389,90,162,1,7.0,4.0
716,.234,.315,.390,2022,SFG,NL,697,.313,.390,81,162,0,,
772,.252,.325,.420,2022,STL,NL,637,.314,.382,93,162,1,5.0,5.0
666,.239,.309,.377,2022,TBR,AL,614,.289,.379,86,162,1,10.0,5.0
707,.239,.301,.395,2022,TEX,AL,743,.325,.397,68,162,0,,
775,.264,.329,.431,2022,TOR,AL,679,.308,.399,92,162,1,6.0,5.0
603,.249,.310,.377,2022,WSN,NL,855,.339,.452,55,162,0,,
591,.222,.291,.364,2022,PIT,NL,817,.337,.411,62,162,0,,
747,.253,.317,.422,2022,PHI,NL,685,.310,.391,87,162,1,9.0,2.0
568,.216,.281,.346,2022,OAK,AL,770,.323,.428,60,162,0,,
807,.241,.325,.426,2022,NYY,AL,567,.285,.355,99,162,1,4.0,3.0
772,.259,.332,.412,2022,NYM,NL,606,.299,.377,101,162,1,3.0,5.0
696,.248,.317,.401,2022,MIN,AL,684,.307,.400,78,162,0,,
725,.235,.315,.409,2022,MIL,NL,688,.302,.388,86,162,0,,
586,.230,.294,.363,2022,MIA,NL,676,.314,.406,69,162,0,,
847,.257,.333,.442,2022,LAD,NL,513,.273,.344,111,162,1,1.0,4.0
623,.233,.297,.390,2022,LAA,AL,668,.306,.379,73,162,0,,
640,.244,.306,.380,2022,KCR,AL,810,.346,.425,65,162,0,,
737,.248,.319,.424,2022,HOU,AL,518,.281,.332,106,162,1,2.0,1.0
557,.231,.286,.346,2022,DET,AL,713,.316,.393,66,162,0,,
698,.254,.315,.398,2022,COL,NL,873,.340,.446,68,162,0,,
698,.254,.316,.383,2022,CLE,AL,634,.292,.373,92,162,1,6.0,4.0
648,.235,.304,.372,2022,CIN,NL,815,.336,.429,62,162,0,,
686,.256,.310,.387,2022,CHW,AL,717,.312,.387,81,162,0,,
657,.238,.311,.387,2022,CHC,NL,731,.318,.414,74,162,0,,
735,.258,.321,.409,2022,BOS,AL,787,.326,.419,78,162,0,,
674,.236,.305,.390,2022,BAL,AL,688,.317,.407,83,162,0,,
789,.253,.317,.443,2022,ATL,NL,609,.297,.354,101,162,1,3.0,4.0
702,.230,.304,.385,2022,ARI,NL,740,.315,.414,74,162,0,,
830,.244,.330,.429,2021,LAD,NL,561,.280,.344,106,162,1,2.0,3.0
723,.245,.310,.407,2021,LAA,AL,804,.330,.410,77,162,0,,
686,.249,.306,.396,2021,KCR,AL,788,.332,.415,74,162,0,,
863,.267,.339,.444,2021,HOU,AL,658,.306,.382,95,162,1,4.0,2.0
697,.242,.308,.399,2021,DET,AL,756,.329,.419,77,162,0,,
739,.249,.317,.414,2021,COL,NL,796,.332,.435,74,161,0,,
717,.238,.303,.407,2021,CLE,AL,727,.313,.417,80,162,0,,
786,.249,.328,.431,2021,CIN,NL,760,.327,.417,83,162,0,,
796,.256,.336,.422,2021,CHW,AL,636,.298,.381,93,162,1,5.0,4.0
705,.237,.312,.407,2021,CHC,NL,839,.338,.442,71,162,0,,
743,.238,.317,.406,2021,OAK,AL,687,.309,.403,86,162,0,,
711,.237,.322,.407,2021,NYY,AL,669,.299,.389,92,162,1,6.0,5.0
636,.239,.315,.391,2021,NYM,NL,668,.307,.400,77,162,0,,
729,.241,.314,.423,2021,MIN,AL,834,.320,.449,73,162,0,,
738,.233,.317,.396,2021,MIL,NL,623,.298,.358,95,162,1,4.0,4.0
623,.233,.298,.372,2021,MIA,NL,701,.317,.401,67,162,0,,
724,.258,.337,.417,2021,WSN,NL,820,.329,.447,65,162,0,,
846,.266,.330,.466,2021,TOR,AL,663,.305,.407,91,162,0,,
625,.232,.294,.375,2021,TEX,AL,815,.325,.436,60,162,0,,
857,.243,.321,.429,2021,TBR,AL,651,.294,.386,100,162,1,3.0,4.0
706,.244,.313,.412,2021,STL,NL,672,.320,.374,90,162,1,7.0,5.0
804,.249,.329,.440,2021,SFG,NL,594,.291,.368,107,162,1,1.0,4.0
697,.226,.303,.385,2021,SEA,AL,748,.314,.417,90,162,0,,
729,.242,.321,.401,2021,SDP,NL,708,.312,.410,79,162,0,,
609,.236,.309,.364,2021,PIT,NL,833,.341,.446,61,162,0,,
734,.240,.318,.408,2021,PHI,NL,745,.316,.414,82,162,0,,
679,.236,.309,.382,2021,ARI,NL,893,.339,.468,52,162,0,,
790,.244,.319,.435,2021,ATL,NL,656,.308,.392,88,161,1,8.0,1.0
659,.239,.304,.402,2021,BAL,AL,956,.344,.473,52,162,0,,
829,.261,.328,.449,2021,BOS,AL,749,.332,.417,92,162,1,6.0,3.0
315,.247,.342,.447,2020,NYY,AL,270,.305,.421,33,60,1,7.0,4.0
274,.225,.322,.396,2020,OAK,AL,232,.302,.392,36,60,1,4.0,4.0
306,.257,.342,.439,2020,PHI,NL,311,.348,.468,28,60,0,,
219,.220,.284,.357,2020,PIT,NL,298,.332,.416,19,60,0,,
289,.238,.328,.425,2020,TBR,AL,229,.305,.391,40,60,1,2.0,2.0
224,.217,.285,.364,2020,TEX,AL,312,.329,.419,22,60,0,,
302,.255,.325,.441,2020,TOR,AL,312,.339,.436,32,60,1,8.0,5.0
293,.264,.336,.433,2020,WSN,NL,301,.346,.466,26,60,0,,
325,.257,.333,.466,2020,SDP,NL,241,.301,.389,37,60,1,3.0,4.0
254,.226,.309,.370,2020,SEA,AL,303,.333,.425,27,60,0,,
299,.263,.335,.451,2020,SFG,NL,297,.322,.410,29,60,0,,
240,.234,.323,.371,2020,STL,NL,229,.306,.380,30,58,1,9.0,5.0
286,.272,.348,.459,2020,NYM,NL,308,.336,.438,26,60,0,,
269,.242,.315,.427,2020,MIN,AL,215,.301,.372,36,60,1,4.0,5.0
247,.223,.313,.389,2020,MIL,NL,264,.307,.385,29,60,1,11.0,5.0
263,.244,.319,.384,2020,MIA,NL,304,.343,.455,31,60,1,10.0,4.0
349,.256,.338,.483,2020,LAD,NL,213,.272,.355,43,60,1,1.0,1.0
294,.248,.332,.430,2020,LAA,AL,321,.316,.430,26,60,0,,
248,.244,.309,.402,2020,KCR,AL,272,.332,.415,26,60,0,,
279,.240,.312,.408,2020,HOU,AL,275,.322,.407,29,60,1,11.0,3.0
249,.245,.303,.397,2020,DET,AL,318,.340,.464,23,58,0,,
275,.257,.311,.405,2020,COL,NL,353,.353,.477,26,60,0,,
248,.228,.317,.372,2020,CLE,AL,209,.288,.378,35,60,1,5.0,5.0
243,.212,.312,.403,2020,CIN,NL,243,.303,.374,31,60,1,10.0,5.0
306,.261,.326,.453,2020,CHW,AL,246,.309,.379,35,60,1,5.0,5.0
265,.220,.318,.387,2020,CHC,NL,240,.302,.400,34,60,1,6.0,5.0
292,.265,.330,.445,2020,BOS,AL,351,.365,.484,24,60,0,,
274,.258,.321,.429,2020,BAL,AL,294,.319,.421,25,60,0,,
269,.241,.312,.391,2020,ARI,NL,295,.336,.462,25,60,0,,
348,.268,.349,.483,2020,ATL,NL,288,.329,.408,35,60,1,5.0,3.0
939,.270,.338,.494,2019,MIN,AL,754,.316,.419,101,162,1,4.0,4.0
791,.257,.328,.442,2019,NYM,NL,737,.317,.418,86,162,0,,
774,.246,.319,.427,2019,PHI,NL,794,.332,.453,81,162,0,,
758,.265,.321,.420,2019,PIT,NL,911,.343,.470,69,162,0,,
943,.267,.339,.490,2019,NYY,AL,739,.314,.439,103,162,1,3.0,3.0
845,.249,.327,.448,2019,OAK,AL,680,.308,.404,97,162,1,5.0,5.0
678,.239,.302,.392,2019,SFG,NL,773,.318,.428,77,162,0,,
764,.245,.322,.415,2019,STL,NL,662,.314,.397,91,162,1,8.0,3.0
769,.254,.325,.431,2019,TBR,AL,656,.294,.386,96,162,1,6.0,4.0
810,.248,.319,.431,2019,TEX,AL,878,.342,.464,78,162,0,,
726,.236,.305,.428,2019,TOR,AL,828,.337,.451,67,162,0,,
873,.265,.342,.454,2019,WSN,NL,724,.314,.412,93,162,1,7.0,1.0
682,.238,.308,.410,2019,SDP,NL,789,.315,.430,70,162,0,,
758,.237,.316,.424,2019,SEA,AL,893,.326,.469,68,162,0,,
813,.252,.323,.434,2019,ARI,NL,743,.320,.432,85,162,0,,
855,.258,.336,.452,2019,ATL,NL,743,.329,.419,97,162,1,5.0,4.0
729,.246,.310,.415,2019,BAL,AL,981,.342,.497,54,162,0,,
901,.269,.340,.466,2019,BOS,AL,828,.330,.431,84,162,0,,
814,.252,.331,.452,2019,CHC,NL,717,.323,.414,84,162,0,,
708,.261,.314,.414,2019,CHW,AL,832,.337,.452,72,161,0,,
701,.244,.315,.422,2019,CIN,NL,711,.310,.410,75,162,0,,
769,.250,.323,.432,2019,CLE,AL,657,.304,.419,93,162,0,,
835,.265,.326,.456,2019,COL,NL,958,.348,.492,71,162,0,,
582,.240,.294,.388,2019,DET,AL,915,.342,.478,47,161,0,,
920,.274,.352,.495,2019,HOU,AL,640,.283,.397,107,162,1,1.0,2.0
691,.247,.309,.401,2019,KCR,AL,869,.348,.456,59,162,0,,
769,.247,.324,.422,2019,LAA,AL,868,.331,.459,72,162,0,,
886,.257,.338,.472,2019,LAD,NL,613,.282,.379,106,162,1,2.0,4.0
615,.241,.298,.375,2019,MIA,NL,808,.329,.435,57,162,0,,
769,.246,.329,.438,2019,MIL,NL,766,.321,.425,89,162,1,9.0,5.0
754,.252,.323,.424,2018,MIL,NL,659,.309,.387,96,163,1,5.0,3.0
589,.237,.303,.357,2018,MIA,NL,809,.333,.424,63,161,0,,
804,.250,.333,.442,2018,LAD,NL,610,.290,.379,92,163,1,7.0,2.0
771,.254,.335,.419,2018,WSN,NL,682,.311,.411,82,162,0,,
693,.235,.310,.397,2018,ARI,NL,644,.310,.388,82,162,0,,
759,.257,.324,.417,2018,ATL,NL,657,.314,.370,90,162,1,9.0,4.0
622,.239,.298,.391,2018,BAL,AL,892,.349,.471,47,162,0,,
709,.244,.312,.427,2018,TOR,AL,832,.335,.446,73,162,0,,
737,.240,.318,.404,2018,TEX,AL,848,.335,.464,67,162,0,,
716,.258,.333,.406,2018,TBR,AL,646,.300,.377,90,162,0,,
759,.249,.321,.409,2018,STL,NL,691,.324,.378,88,162,0,,
603,.239,.300,.368,2018,SFG,NL,699,.318,.404,73,162,0,,
677,.254,.314,.408,2018,SEA,AL,711,.308,.418,89,162,0,,
617,.235,.297,.380,2018,SDP,NL,767,.324,.417,66,162,0,,
692,.254,.317,.407,2018,PIT,NL,693,.319,.407,82,161,0,,
677,.234,.314,.393,2018,PHI,NL,728,.316,.407,80,162,0,,
813,.252,.325,.439,2018,OAK,AL,674,.301,.392,97,162,1,4.0,5.0
851,.249,.329,.451,2018,NYY,AL,669,.304,.390,100,162,1,3.0,4.0
676,.234,.312,.389,2018,NYM,NL,707,.313,.398,77,162,0,,
738,.250,.318,.405,2018,MIN,AL,775,.332,.423,78,162,0,,
780,.256,.322,.435,2018,COL,NL,745,.319,.417,91,163,1,8.0,4.0
630,.241,.300,.380,2018,DET,AL,796,.323,.439,64,162,0,,
797,.255,.329,.425,2018,HOU,AL,534,.282,.358,103,162,1,2.0,3.0
876,.268,.339,.453,2018,BOS,AL,647,.309,.390,108,162,1,1.0,1.0
761,.258,.333,.410,2018,CHC,NL,645,.323,.376,95,163,1,6.0,5.0
656,.241,.302,.401,2018,CHW,AL,848,.340,.422,62,162,0,,
696,.254,.328,.401,2018,CIN,NL,819,.332,.450,67,162,0,,
818,.259,.332,.434,2018,CLE,AL,648,.300,.414,91,162,1,8.0,4.0
721,.242,.313,.413,2018,LAA,AL,722,.322,.415,80,162,0,,
638,.245,.305,.392,2018,KCR,AL,833,.342,.446,58,162,0,,
799,.244,.320,.430,2017,TEX,AL,816,.335,.434,78,162,0,,
693,.240,.312,.412,2017,TOR,AL,784,.326,.429,76,162,0,,
819,.266,.332,.449,2017,WSN,NL,672,.308,.396,97,162,1,4.0,4.0
702,.259,.311,.420,2017,KCR,AL,791,.331,.434,80,162,0,,
710,.243,.315,.397,2017,LAA,AL,709,.314,.429,80,162,0,,
770,.249,.334,.437,2017,LAD,NL,580,.290,.380,104,162,1,1.0,2.0
732,.263,.326,.412,2017,ATL,NL,821,.339,.438,72,162,0,,
812,.254,.329,.445,2017,ARI,NL,659,.309,.398,93,162,1,5.0,4.0
785,.258,.329,.407,2017,BOS,AL,668,.306,.406,93,162,1,5.0,4.0
694,.245,.317,.422,2017,TBR,AL,704,.309,.403,80,162,0,,
761,.256,.334,.426,2017,STL,NL,705,.320,.411,83,162,0,,
639,.249,.309,.380,2017,SFG,NL,776,.331,.438,64,162,0,,
750,.259,.325,.424,2017,SEA,AL,772,.318,.435,78,162,0,,
604,.234,.299,.393,2017,SDP,NL,816,.333,.441,71,162,0,,
668,.244,.318,.386,2017,PIT,NL,731,.330,.431,75,162,0,,
690,.250,.315,.409,2017,PHI,NL,782,.333,.447,66,162,0,,
739,.246,.319,.436,2017,OAK,AL,826,.327,.439,75,162,0,,
858,.262,.339,.447,2017,NYY,AL,660,.298,.382,91,162,1,7.0,3.0
735,.250,.320,.434,2017,NYM,NL,863,.345,.448,70,162,0,,
815,.260,.334,.434,2017,MIN,AL,788,.330,.446,85,162,1,9.0,5.0
732,.249,.322,.429,2017,MIL,NL,697,.326,.414,86,162,0,,
778,.267,.331,.431,2017,MIA,NL,822,.344,.432,77,162,0,,
896,.282,.346,.478,2017,HOU,AL,700,.313,.407,101,162,1,3.0,1.0
735,.258,.324,.424,2017,DET,AL,894,.348,.463,64,162,0,,
824,.273,.338,.444,2017,COL,NL,757,.332,.439,87,162,1,8.0,5.0
743,.260,.312,.435,2017,BAL,AL,841,.342,.458,75,162,0,,
822,.255,.338,.437,2017,CHC,NL,695,.315,.398,92,162,1,6.0,3.0
706,.256,.314,.417,2017,CHW,AL,820,.337,.450,67,162,0,,
818,.263,.339,.449,2017,CLE,AL,564,.294,.380,102,162,1,2.0,4.0
753,.253,.329,.433,2017,CIN,NL,869,.345,.465,68,162,0,,
610,.240,.301,.384,2016,PHI,NL,796,.325,.448,71,162,0,,
729,.257,.332,.402,2016,PIT,NL,758,.336,.436,78,161,0,,
686,.235,.299,.390,2016,SDP,NL,770,.330,.422,68,162,0,,
768,.259,.326,.430,2016,SEA,AL,707,.314,.425,86,162,0,,
715,.258,.329,.398,2016,SFG,NL,631,.303,.392,87,162,1,7.0,4.0
649,.255,.321,.384,2016,ATL,NL,779,.328,.416,68,161,0,,
744,.256,.317,.443,2016,BAL,AL,715,.328,.421,89,162,1,6.0,5.0
878,.282,.348,.461,2016,BOS,AL,694,.314,.397,93,162,1,4.0,4.0
717,.260,.322,.405,2016,LAA,AL,727,.334,.440,74,162,0,,
725,.249,.319,.409,2016,LAD,NL,638,.298,.375,91,162,1,5.0,3.0
655,.263,.322,.394,2016,MIA,NL,682,.329,.394,79,161,0,,
671,.244,.322,.407,2016,MIL,NL,733,.333,.426,73,162,0,,
722,.251,.316,.421,2016,MIN,AL,889,.340,.466,59,162,0,,
671,.246,.316,.417,2016,NYM,NL,617,.311,.395,87,162,1,7.0,5.0
680,.252,.315,.405,2016,NYY,AL,702,.310,.424,84,162,0,,
653,.246,.304,.395,2016,OAK,AL,761,.322,.422,69,162,0,,
765,.262,.322,.433,2016,TEX,AL,757,.329,.424,95,162,1,2.0,4.0
672,.243,.307,.426,2016,TBR,AL,713,.318,.416,68,162,0,,
779,.255,.325,.442,2016,STL,NL,712,.320,.402,86,162,0,,
759,.248,.330,.426,2016,TOR,AL,666,.305,.398,89,162,1,6.0,3.0
763,.256,.326,.426,2016,WSN,NL,612,.300,.376,95,162,1,2.0,4.0
750,.267,.331,.438,2016,DET,AL,721,.320,.421,86,161,0,,
724,.247,.319,.417,2016,HOU,AL,701,.314,.424,84,162,0,,
675,.261,.312,.400,2016,KCR,AL,712,.327,.423,81,162,0,,
845,.275,.336,.457,2016,COL,NL,860,.345,.446,75,162,0,,
716,.256,.316,.408,2016,CIN,NL,854,.345,.456,68,162,0,,
686,.257,.317,.410,2016,CHW,AL,715,.326,.419,78,162,0,,
752,.261,.320,.432,2016,ARI,NL,890,.348,.454,69,162,0,,
777,.262,.329,.430,2016,CLE,AL,676,.304,.407,94,161,1,3.0,2.0
808,.256,.343,.429,2016,CHC,NL,556,.285,.348,103,161,1,1.0,1.0
696,.247,.305,.399,2015,MIN,AL,700,.321,.418,83,162,0,,
683,.244,.312,.400,2015,NYM,NL,613,.296,.377,90,162,1,7.0,2.0
764,.251,.323,.421,2015,NYY,AL,698,.316,.406,87,162,1,9.0,5.0
694,.251,.312,.395,2015,OAK,AL,729,.316,.400,68,162,0,,
626,.249,.303,.382,2015,PHI,NL,809,.341,.445,63,162,0,,
697,.260,.323,.396,2015,PIT,NL,596,.311,.361,98,162,1,2.0,5.0
650,.243,.300,.385,2015,SDP,NL,731,.321,.414,74,162,0,,
748,.265,.325,.415,2015,BOS,AL,753,.327,.424,78,162,0,,
573,.251,.314,.359,2015,ATL,NL,760,.339,.426,67,162,0,,
720,.264,.324,.414,2015,ARI,NL,713,.322,.423,79,162,0,,
729,.250,.315,.437,2015,HOU,AL,618,.299,.382,86,162,1,10.0,4.0
724,.269,.322,.412,2015,KCR,AL,641,.314,.396,95,162,1,4.0,1.0
661,.246,.307,.396,2015,LAA,AL,675,.313,.396,85,162,0,,
667,.250,.326,.413,2015,LAD,NL,595,.297,.372,92,162,1,6.0,4.0
613,.260,.310,.384,2015,MIA,NL,678,.322,.396,71,162,0,,
655,.251,.307,.393,2015,MIL,NL,737,.329,.422,68,162,0,,
656,.249,.311,.411,2015,SEA,AL,726,.322,.412,76,162,0,,
696,.267,.326,.406,2015,SFG,NL,627,.305,.395,84,162,0,,
647,.253,.321,.394,2015,STL,NL,525,.310,.366,100,162,1,1.0,4.0
751,.257,.325,.413,2015,TEX,AL,733,.328,.419,88,162,1,8.0,4.0
891,.269,.340,.457,2015,TOR,AL,670,.304,.403,93,162,1,5.0,3.0
703,.251,.321,.403,2015,WSN,NL,635,.301,.384,83,162,0,,
644,.252,.314,.406,2015,TBR,AL,642,.304,.385,80,162,0,,
669,.256,.325,.401,2015,CLE,AL,640,.297,.386,81,161,0,,
737,.265,.315,.432,2015,COL,NL,844,.353,.461,68,162,0,,
689,.270,.328,.420,2015,DET,AL,803,.330,.444,74,161,0,,
622,.250,.306,.380,2015,CHW,AL,701,.322,.410,76,162,0,,
689,.244,.321,.398,2015,CHC,NL,608,.290,.372,97,162,1,3.0,3.0
713,.250,.307,.421,2015,BAL,AL,693,.321,.418,81,162,0,,
640,.248,.312,.394,2015,CIN,NL,754,.328,.420,64,162,0,,
773,.259,.322,.406,2014,LAA,AL,630,.305,.351,98,162,1,1.0,4.0
718,.265,.333,.406,2014,LAD,NL,617,.300,.376,94,162,1,3.0,4.0
645,.253,.317,.378,2014,MIA,NL,674,.323,.390,77,162,0,,
650,.250,.311,.397,2014,MIL,NL,657,.307,.393,82,162,0,,
715,.254,.324,.389,2014,MIN,AL,777,.330,.428,70,162,0,,
629,.239,.308,.364,2014,NYM,NL,618,.315,.382,79,162,0,,
633,.245,.307,.380,2014,NYY,AL,664,.305,.395,84,162,0,,
729,.244,.320,.381,2014,OAK,AL,572,.290,.356,88,162,1,7.0,5.0
619,.242,.302,.363,2014,PHI,NL,687,.321,.387,73,162,0,,
573,.241,.305,.360,2014,ATL,NL,597,.312,.370,79,162,0,,
705,.256,.311,.422,2014,BAL,AL,593,.308,.382,96,162,1,2.0,3.0
634,.244,.316,.369,2014,BOS,AL,715,.321,.409,71,162,0,,
755,.276,.327,.445,2014,COL,NL,818,.342,.443,66,162,0,,
757,.277,.331,.426,2014,DET,AL,705,.321,.401,90,162,1,4.0,4.0
629,.242,.309,.383,2014,HOU,AL,723,.323,.396,70,162,0,,
651,.263,.314,.376,2014,KCR,AL,624,.310,.377,89,162,1,5.0,2.0
634,.244,.300,.376,2014,SEA,AL,554,.295,.356,87,162,0,,
535,.226,.292,.342,2014,SDP,NL,577,.304,.362,77,162,0,,
682,.259,.330,.404,2014,PIT,NL,631,.318,.371,88,162,1,6.0,5.0
665,.255,.311,.388,2014,SFG,NL,614,.297,.382,88,162,1,6.0,1.0
723,.259,.323,.414,2014,TOR,AL,686,.318,.407,83,162,0,,
686,.253,.321,.393,2014,WSN,NL,555,.294,.358,96,162,1,2.0,4.0
612,.247,.317,.367,2014,TBR,AL,625,.300,.362,77,162,0,,
637,.256,.314,.375,2014,TEX,AL,773,.336,.428,67,162,0,,
619,.253,.320,.369,2014,STL,NL,603,.308,.366,90,162,1,4.0,3.0
660,.253,.310,.398,2014,CHW,AL,758,.337,.401,73,162,0,,
595,.238,.296,.365,2014,CIN,NL,612,.309,.383,76,162,0,,
669,.253,.317,.389,2014,CLE,AL,653,.312,.385,85,162,0,,
615,.248,.302,.376,2014,ARI,NL,742,.326,.414,64,162,0,,
614,.239,.300,.385,2014,CHC,NL,707,.318,.376,73,162,0,,
602,.238,.300,.392,2013,CHC,NL,689,.318,.400,66,162,0,,
853,.277,.349,.446,2013,BOS,AL,656,.316,.393,97,162,1,1.0,1.0
745,.255,.327,.410,2013,CLE,AL,662,.322,.386,92,162,1,5.0,5.0
706,.270,.323,.418,2013,COL,NL,760,.340,.423,74,162,0,,
796,.283,.346,.434,2013,DET,AL,624,.308,.373,93,162,1,4.0,3.0
610,.240,.299,.375,2013,HOU,AL,848,.347,.445,51,162,0,,
513,.231,.293,.335,2013,MIA,NL,646,.319,.384,62,162,0,,
649,.264,.326,.396,2013,LAD,NL,582,.306,.365,92,162,1,5.0,3.0
733,.264,.329,.414,2013,LAA,AL,737,.328,.408,78,162,0,,
648,.260,.315,.379,2013,KCR,AL,601,.311,.387,86,162,0,,
650,.242,.307,.376,2013,NYY,AL,671,.318,.413,85,162,0,,
619,.237,.306,.366,2013,NYM,NL,684,.316,.393,74,162,0,,
614,.242,.312,.380,2013,MIN,AL,788,.336,.434,66,162,0,,
640,.252,.311,.398,2013,MIL,NL,687,.317,.397,74,162,0,,
698,.249,.327,.391,2013,CIN,NL,589,.298,.384,90,162,1,7.0,5.0
598,.249,.302,.378,2013,CHW,AL,723,.322,.408,63,162,0,,
767,.254,.327,.419,2013,OAK,AL,625,.299,.379,96,162,1,2.0,4.0
610,.248,.306,.384,2013,PHI,NL,749,.331,.415,73,162,0,,
634,.245,.313,.396,2013,PIT,NL,577,.309,.341,94,162,1,3.0,4.0
618,.245,.308,.378,2013,SDP,NL,700,.322,.403,76,162,0,,
629,.260,.320,.381,2013,SFG,NL,691,.320,.390,76,162,0,,
624,.237,.306,.390,2013,SEA,AL,754,.319,.417,71,162,0,,
656,.251,.313,.398,2013,WSN,NL,626,.305,.379,86,162,0,,
712,.252,.318,.411,2013,TOR,AL,756,.324,.426,74,162,0,,
730,.262,.323,.412,2013,TEX,AL,636,.313,.387,91,163,0,,
700,.257,.329,.408,2013,TBR,AL,646,.305,.381,92,163,1,6.0,4.0
783,.269,.332,.401,2013,STL,NL,596,.311,.368,97,162,1,1.0,2.0
745,.260,.313,.431,2013,BAL,AL,709,.321,.428,85,162,0,,
688,.249,.321,.402,2013,ATL,NL,548,.301,.370,96,162,1,2.0,4.0
685,.259,.323,.391,2013,ARI,NL,695,.320,.411,81,162,0,,
734,0.259,0.328,0.418,2012,ARI,NL,688,0.317,0.415,81,162,0,,
700,0.247,0.32,0.389,2012,ATL,NL,600,0.306,0.378,94,162,1,4.0,5.0
712,0.247,0.311,0.417,2012,BAL,AL,705,0.315,0.403,93,162,1,5.0,4.0
734,0.26,0.315,0.415,2012,BOS,AL,806,0.331,0.428,69,162,0,,
613,0.24,0.302,0.378,2012,CHC,NL,759,0.335,0.424,61,162,0,,
748,0.255,0.318,0.422,2012,CHW,AL,676,0.319,0.405,85,162,0,,
669,0.251,0.315,0.411,2012,CIN,NL,588,0.305,0.39,97,162,1,2.0,4.0
667,0.251,0.324,0.381,2012,CLE,AL,845,0.336,0.43,68,162,0,,
758,0.274,0.33,0.436,2012,COL,NL,890,0.357,0.47,64,162,0,,
726,0.268,0.335,0.422,2012,DET,AL,670,0.314,0.402,88,162,1,6.0,2.0
583,0.236,0.302,0.371,2012,HOU,NL,794,0.337,0.427,55,162,0,,
676,0.265,0.317,0.4,2012,KCR,AL,746,0.339,0.423,72,162,0,,
767,0.274,0.332,0.433,2012,LAA,AL,699,0.31,0.403,89,162,0,,
637,0.252,0.317,0.374,2012,LAD,NL,597,0.31,0.364,86,162,0,,
609,0.244,0.308,0.382,2012,MIA,NL,724,0.327,0.399,69,162,0,,
776,0.259,0.325,0.437,2012,MIL,NL,733,0.326,0.414,83,162,0,,
701,0.26,0.325,0.39,2012,MIN,AL,832,0.333,0.442,66,162,0,,
650,0.249,0.316,0.386,2012,NYM,NL,709,0.315,0.401,74,162,0,,
804,0.265,0.337,0.453,2012,NYY,AL,668,0.311,0.419,95,162,1,3.0,3.0
713,0.238,0.31,0.404,2012,OAK,AL,614,0.306,0.378,94,162,1,4.0,4.0
684,0.255,0.317,0.4,2012,PHI,NL,680,0.306,0.407,81,162,0,,
651,0.243,0.304,0.395,2012,PIT,NL,674,0.314,0.39,79,162,0,,
651,0.247,0.319,0.38,2012,SDP,NL,710,0.319,0.398,76,162,0,,
619,0.234,0.296,0.369,2012,SEA,AL,651,0.308,0.394,75,162,0,,
718,0.269,0.327,0.397,2012,SFG,NL,649,0.313,0.393,94,162,1,4.0,1.0
765,0.271,0.338,0.421,2012,STL,NL,648,0.313,0.387,88,162,1,6.0,3.0
697,0.24,0.317,0.394,2012,TBR,AL,577,0.294,0.352,90,162,0,,
808,0.273,0.334,0.446,2012,TEX,AL,707,0.309,0.408,93,162,1,5.0,5.0
716,0.245,0.309,0.407,2012,TOR,AL,784,0.335,0.438,73,162,0,,
731,0.261,0.322,0.428,2012,WSN,NL,594,0.303,0.373,98,162,1,1.0,4.0
731,0.25,0.322,0.413,2011,ARI,NL,662,0.316,0.409,94,162,1,5.0,4.0
641,0.243,0.308,0.387,2011,ATL,NL,605,0.31,0.361,89,162,0,,
708,0.257,0.316,0.413,2011,BAL,AL,860,0.341,0.46,69,162,0,,
875,0.28,0.349,0.461,2011,BOS,AL,737,0.322,0.392,90,162,0,,
654,0.256,0.314,0.401,2011,CHC,NL,756,0.335,0.413,71,162,0,,
654,0.252,0.319,0.388,2011,CHW,AL,706,0.317,0.397,79,162,0,,
735,0.256,0.326,0.408,2011,CIN,NL,720,0.325,0.415,79,162,0,,
704,0.25,0.317,0.396,2011,CLE,AL,760,0.323,0.413,80,162,0,,
735,0.258,0.329,0.41,2011,COL,NL,774,0.331,0.431,73,162,0,,
787,0.277,0.34,0.434,2011,DET,AL,711,0.321,0.396,95,162,1,4.0,3.0
625,0.247,0.318,0.388,2011,FLA,NL,702,0.316,0.401,72,162,0,,
615,0.258,0.311,0.374,2011,HOU,NL,796,0.337,0.432,56,162,0,,
730,0.275,0.329,0.415,2011,KCR,AL,762,0.337,0.425,71,162,0,,
667,0.253,0.313,0.402,2011,LAA,AL,633,0.313,0.388,86,162,0,,
644,0.257,0.322,0.375,2011,LAD,NL,612,0.31,0.371,82,161,0,,
721,0.261,0.325,0.425,2011,MIL,NL,638,0.304,0.385,96,162,1,3.0,3.0
619,0.247,0.306,0.36,2011,MIN,AL,804,0.34,0.435,63,162,0,,
718,0.264,0.335,0.391,2011,NYM,NL,742,0.332,0.411,77,162,0,,
867,0.263,0.343,0.444,2011,NYY,AL,657,0.322,0.399,97,162,1,2.0,4.0
645,0.244,0.311,0.369,2011,OAK,AL,679,0.317,0.378,74,162,0,,
713,0.253,0.323,0.395,2011,PHI,NL,529,0.296,0.361,102,162,1,1.0,4.0
610,0.244,0.309,0.368,2011,PIT,NL,712,0.338,0.409,72,162,0,,
593,0.237,0.305,0.349,2011,SDP,NL,611,0.314,0.375,71,162,0,,
556,0.233,0.292,0.348,2011,SEA,AL,675,0.31,0.386,67,162,0,,
570,0.242,0.303,0.368,2011,SFG,NL,578,0.309,0.346,86,162,0,,
762,0.273,0.341,0.425,2011,STL,NL,692,0.319,0.398,90,162,1,7.0,1.0
707,0.244,0.322,0.402,2011,TBR,AL,614,0.303,0.383,91,162,1,6.0,4.0
855,0.283,0.34,0.46,2011,TEX,AL,677,0.307,0.392,96,162,1,3.0,2.0
743,0.249,0.317,0.413,2011,TOR,AL,761,0.328,0.419,81,162,0,,
624,0.242,0.309,0.383,2011,WSN,NL,643,0.319,0.382,80,161,0,,
713,0.25,0.325,0.416,2010,ARI,NL,836,0.34,0.448,65,162,0,,
738,0.258,0.339,0.401,2010,ATL,NL,629,0.314,0.376,91,162,1,6.0,4.0
613,0.259,0.316,0.386,2010,BAL,AL,785,0.336,0.434,66,162,0,,
818,0.268,0.339,0.451,2010,BOS,AL,744,0.327,0.399,89,162,0,,
685,0.257,0.32,0.401,2010,CHC,NL,767,0.334,0.398,75,162,0,,
752,0.268,0.332,0.42,2010,CHW,AL,704,0.325,0.395,88,162,0,,
790,0.272,0.338,0.436,2010,CIN,NL,685,0.323,0.396,91,162,1,6.0,4.0
646,0.248,0.322,0.378,2010,CLE,AL,752,0.342,0.416,69,162,0,,
770,0.263,0.336,0.425,2010,COL,NL,717,0.326,0.397,83,162,0,,
751,0.268,0.335,0.415,2010,DET,AL,743,0.332,0.4,81,162,0,,
719,0.254,0.321,0.403,2010,FLA,NL,717,0.331,0.398,80,162,0,,
611,0.247,0.303,0.362,2010,HOU,NL,729,0.33,0.402,76,162,0,,
676,0.274,0.331,0.399,2010,KCR,AL,845,0.342,0.435,67,162,0,,
681,0.248,0.311,0.39,2010,LAA,AL,702,0.327,0.403,80,162,0,,
667,0.252,0.322,0.379,2010,LAD,NL,692,0.316,0.378,80,162,0,,
750,0.262,0.335,0.424,2010,MIL,NL,804,0.338,0.427,77,162,0,,
781,0.273,0.341,0.422,2010,MIN,AL,671,0.317,0.417,94,162,1,4.0,4.0
656,0.249,0.314,0.383,2010,NYM,NL,652,0.33,0.394,79,162,0,,
859,0.267,0.35,0.436,2010,NYY,AL,693,0.322,0.399,95,162,1,3.0,3.0
663,0.256,0.324,0.378,2010,OAK,AL,626,0.313,0.379,81,162,0,,
772,0.26,0.332,0.413,2010,PHI,NL,640,0.311,0.405,97,162,1,1.0,3.0
587,0.242,0.304,0.373,2010,PIT,NL,866,0.348,0.449,57,162,0,,
665,0.246,0.317,0.371,2010,SDP,NL,581,0.308,0.368,90,162,0,,
513,0.236,0.298,0.339,2010,SEA,AL,698,0.313,0.401,61,162,0,,
697,0.257,0.321,0.408,2010,SFG,NL,583,0.313,0.37,92,162,1,5.0,1.0
736,0.263,0.332,0.402,2010,STL,NL,641,0.319,0.387,86,162,0,,
802,0.247,0.333,0.403,2010,TBR,AL,649,0.308,0.404,96,162,1,2.0,4.0
787,0.276,0.338,0.419,2010,TEX,AL,687,0.319,0.39,90,162,1,7.0,2.0
755,0.248,0.312,0.454,2010,TOR,AL,728,0.326,0.405,85,162,0,,
655,0.25,0.318,0.39,2010,WSN,NL,742,0.33,0.41,69,162,0,,
720,0.253,0.324,0.418,2009,ARI,NL,782,0.33,0.419,70,162,0,,
735,0.263,0.339,0.405,2009,ATL,NL,641,0.323,0.39,86,162,0,,
741,0.268,0.332,0.415,2009,BAL,AL,876,0.353,0.476,64,162,0,,
872,0.27,0.352,0.454,2009,BOS,AL,736,0.335,0.422,95,162,1,3.0,4.0
707,0.255,0.332,0.407,2009,CHC,NL,672,0.324,0.391,83,161,0,,
724,0.258,0.329,0.411,2009,CHW,AL,732,0.325,0.414,79,162,0,,
673,0.247,0.318,0.394,2009,CIN,NL,723,0.333,0.418,78,162,0,,
773,0.264,0.339,0.417,2009,CLE,AL,865,0.351,0.443,65,162,0,,
804,0.261,0.343,0.441,2009,COL,NL,715,0.328,0.405,92,162,1,5.0,4.0
743,0.26,0.331,0.416,2009,DET,AL,745,0.336,0.422,86,163,0,,
772,0.268,0.34,0.416,2009,FLA,NL,766,0.333,0.408,87,162,0,,
643,0.26,0.319,0.4,2009,HOU,NL,770,0.344,0.44,74,162,0,,
686,0.259,0.318,0.405,2009,KCR,AL,842,0.343,0.422,65,162,0,,
883,0.285,0.35,0.441,2009,LAA,AL,761,0.338,0.432,97,162,1,2.0,3.0
780,0.27,0.346,0.412,2009,LAD,NL,611,0.312,0.361,95,162,1,3.0,3.0
785,0.263,0.341,0.426,2009,MIL,NL,818,0.345,0.45,80,162,0,,
817,0.274,0.345,0.429,2009,MIN,AL,765,0.331,0.431,87,163,1,7.0,4.0
671,0.27,0.335,0.394,2009,NYM,NL,757,0.342,0.418,70,162,0,,
915,0.283,0.362,0.478,2009,NYY,AL,753,0.327,0.408,103,162,1,1.0,1.0
759,0.262,0.328,0.397,2009,OAK,AL,761,0.329,0.413,75,162,0,,
820,0.258,0.334,0.447,2009,PHI,NL,709,0.329,0.427,93,162,1,4.0,2.0
636,0.252,0.318,0.387,2009,PIT,NL,768,0.346,0.442,62,161,0,,
638,0.242,0.321,0.381,2009,SDP,NL,769,0.333,0.406,75,162,0,,
640,0.258,0.314,0.402,2009,SEA,AL,692,0.316,0.394,85,162,0,,
657,0.257,0.309,0.389,2009,SFG,NL,611,0.314,0.372,88,162,0,,
730,0.263,0.332,0.415,2009,STL,NL,640,0.319,0.386,91,162,1,6.0,4.0
803,0.263,0.343,0.439,2009,TBR,AL,754,0.324,0.417,84,162,0,,
784,0.26,0.32,0.445,2009,TEX,AL,740,0.331,0.416,87,162,0,,
798,0.266,0.333,0.44,2009,TOR,AL,771,0.339,0.434,75,162,0,,
710,0.258,0.337,0.406,2009,WSN,NL,874,0.352,0.45,59,162,0,,
720,0.251,0.327,0.415,2008,ARI,NL,706,0.318,0.398,82,162,0,,
753,0.27,0.345,0.408,2008,ATL,NL,778,0.336,0.423,72,162,0,,
782,0.267,0.333,0.429,2008,BAL,AL,869,0.361,0.435,68,161,0,,
845,0.28,0.358,0.447,2008,BOS,AL,694,0.323,0.39,95,162,1,3.0,3.0
855,0.278,0.354,0.443,2008,CHC,NL,671,0.316,0.395,97,161,1,2.0,4.0
811,0.263,0.332,0.448,2008,CHW,AL,729,0.32,0.41,89,163,1,6.0,4.0
704,0.247,0.321,0.408,2008,CIN,NL,800,0.345,0.45,74,162,0,,
805,0.262,0.339,0.424,2008,CLE,AL,761,0.33,0.424,81,162,0,,
747,0.263,0.336,0.415,2008,COL,NL,822,0.344,0.431,74,162,0,,
821,0.271,0.34,0.444,2008,DET,AL,857,0.353,0.437,74,162,0,,
770,0.254,0.326,0.433,2008,FLA,NL,767,0.333,0.407,84,161,0,,
712,0.263,0.323,0.415,2008,HOU,NL,743,0.328,0.44,86,161,0,,
691,0.269,0.32,0.397,2008,KCR,AL,781,0.328,0.415,75,162,0,,
765,0.268,0.33,0.413,2008,LAA,AL,697,0.323,0.406,100,162,1,1.0,4.0
700,0.264,0.333,0.399,2008,LAD,NL,648,0.315,0.376,84,162,1,7.0,3.0
750,0.253,0.325,0.431,2008,MIL,NL,689,0.323,0.406,90,162,1,5.0,4.0
829,0.279,0.34,0.408,2008,MIN,AL,745,0.324,0.431,88,163,0,,
799,0.266,0.34,0.42,2008,NYM,NL,715,0.331,0.397,89,162,0,,
789,0.271,0.342,0.427,2008,NYY,AL,727,0.329,0.405,89,162,0,,
646,0.242,0.318,0.369,2008,OAK,AL,690,0.328,0.392,75,161,0,,
799,0.255,0.332,0.438,2008,PHI,NL,680,0.329,0.41,92,162,1,4.0,1.0
735,0.258,0.32,0.403,2008,PIT,NL,884,0.362,0.454,67,162,0,,
637,0.25,0.317,0.39,2008,SDP,NL,764,0.332,0.409,63,162,0,,
671,0.265,0.318,0.389,2008,SEA,AL,811,0.351,0.433,61,162,0,,
640,0.262,0.321,0.382,2008,SFG,NL,759,0.341,0.404,72,162,0,,
779,0.281,0.35,0.433,2008,STL,NL,725,0.332,0.431,86,162,0,,
774,0.26,0.34,0.422,2008,TBR,AL,671,0.314,0.4,97,162,1,2.0,2.0
901,0.283,0.354,0.462,2008,TEX,AL,967,0.362,0.455,79,162,0,,
714,0.264,0.331,0.399,2008,TOR,AL,610,0.309,0.38,86,162,0,,
641,0.251,0.323,0.373,2008,WSN,NL,825,0.343,0.436,59,161,0,,
712,0.25,0.321,0.413,2007,ARI,NL,732,0.334,0.42,90,162,1,3.0,3.0
810,0.275,0.339,0.435,2007,ATL,NL,733,0.327,0.415,84,162,0,,
756,0.272,0.333,0.412,2007,BAL,AL,868,0.354,0.412,69,162,0,,
867,0.279,0.362,0.444,2007,BOS,AL,657,0.314,0.392,96,162,1,1.0,1.0
752,0.271,0.333,0.422,2007,CHC,NL,690,0.322,0.399,85,162,1,5.0,4.0
693,0.246,0.318,0.404,2007,CHW,AL,839,0.338,0.435,72,162,0,,
783,0.267,0.335,0.436,2007,CIN,NL,853,0.343,0.456,72,162,0,,
811,0.268,0.343,0.428,2007,CLE,AL,704,0.322,0.407,96,162,1,1.0,3.0
860,0.28,0.354,0.437,2007,COL,NL,758,0.33,0.423,90,163,1,3.0,2.0
887,0.287,0.345,0.458,2007,DET,AL,797,0.338,0.427,88,162,0,,
790,0.267,0.336,0.448,2007,FLA,NL,891,0.364,0.442,71,162,0,,
723,0.26,0.33,0.412,2007,HOU,NL,813,0.337,0.454,73,162,0,,
706,0.261,0.322,0.388,2007,KCR,AL,778,0.339,0.445,69,162,0,,
822,0.284,0.345,0.417,2007,LAA,AL,731,0.328,0.412,94,162,1,2.0,4.0
735,0.275,0.337,0.406,2007,LAD,NL,727,0.326,0.399,82,162,0,,
801,0.262,0.329,0.456,2007,MIL,NL,776,0.333,0.422,83,162,0,,
718,0.264,0.33,0.391,2007,MIN,AL,725,0.324,0.431,79,162,0,,
804,0.275,0.342,0.432,2007,NYM,NL,750,0.329,0.409,88,162,0,,
968,0.29,0.366,0.463,2007,NYY,AL,777,0.34,0.417,94,162,1,2.0,4.0
741,0.256,0.338,0.407,2007,OAK,AL,758,0.329,0.404,76,162,0,,
892,0.274,0.354,0.458,2007,PHI,NL,821,0.346,0.451,89,162,1,4.0,4.0
724,0.263,0.325,0.411,2007,PIT,NL,846,0.352,0.447,68,162,0,,
741,0.251,0.322,0.411,2007,SDP,NL,666,0.311,0.374,89,163,0,,
794,0.287,0.337,0.425,2007,SEA,AL,813,0.349,0.431,88,162,0,,
683,0.254,0.322,0.387,2007,SFG,NL,720,0.334,0.405,71,162,0,,
725,0.274,0.337,0.405,2007,STL,NL,829,0.336,0.431,78,162,0,,
782,0.268,0.336,0.433,2007,TBD,AL,944,0.358,0.467,66,162,0,,
816,0.263,0.328,0.426,2007,TEX,AL,844,0.356,0.423,75,162,0,,
753,0.259,0.327,0.419,2007,TOR,AL,699,0.315,0.391,83,162,0,,
673,0.256,0.325,0.39,2007,WSN,NL,783,0.339,0.433,73,162,0,,
773,0.267,0.331,0.424,2006,ARI,NL,788,0.335,0.431,76,162,0,,
849,0.27,0.337,0.455,2006,ATL,NL,805,0.343,0.438,79,162,0,,
768,0.277,0.339,0.424,2006,BAL,AL,899,0.357,0.462,70,162,0,,
820,0.269,0.351,0.435,2006,BOS,AL,825,0.343,0.447,86,162,0,,
716,0.268,0.319,0.422,2006,CHC,NL,834,0.342,0.431,66,162,0,,
868,0.28,0.342,0.464,2006,CHW,AL,794,0.326,0.44,90,162,0,,
749,0.257,0.336,0.432,2006,CIN,NL,801,0.337,0.457,80,162,0,,
870,0.28,0.349,0.457,2006,CLE,AL,782,0.335,0.431,78,162,0,,
813,0.27,0.341,0.433,2006,COL,NL,812,0.346,0.438,76,162,0,,
822,0.274,0.329,0.449,2006,DET,AL,675,0.321,0.405,95,162,1,3.0,2.0
758,0.264,0.331,0.435,2006,FLA,NL,772,0.347,0.423,78,162,0,,
735,0.255,0.332,0.409,2006,HOU,NL,719,0.319,0.421,82,162,0,,
757,0.271,0.332,0.411,2006,KCR,AL,971,0.367,0.476,62,162,0,,
766,0.274,0.334,0.425,2006,LAA,AL,732,0.316,0.402,89,162,0,,
820,0.276,0.348,0.432,2006,LAD,NL,751,0.33,0.418,88,162,1,5.0,4.0
730,0.258,0.327,0.42,2006,MIL,NL,833,0.333,0.438,75,162,0,,
801,0.287,0.347,0.425,2006,MIN,AL,683,0.312,0.423,96,162,1,2.0,4.0
834,0.264,0.334,0.445,2006,NYM,NL,731,0.323,0.407,97,162,1,1.0,3.0
930,0.285,0.363,0.461,2006,NYY,AL,767,0.326,0.413,97,162,1,1.0,4.0
771,0.26,0.34,0.412,2006,OAK,AL,727,0.338,0.422,93,162,1,4.0,3.0
865,0.267,0.347,0.447,2006,PHI,NL,812,0.339,0.46,85,162,0,,
691,0.263,0.327,0.397,2006,PIT,NL,797,0.357,0.431,67,162,0,,
731,0.263,0.332,0.416,2006,SDP,NL,679,0.312,0.404,88,162,1,5.0,4.0
756,0.272,0.325,0.424,2006,SEA,AL,792,0.337,0.432,78,162,0,,
746,0.259,0.324,0.422,2006,SFG,NL,790,0.337,0.415,76,161,0,,
781,0.269,0.337,0.431,2006,STL,NL,762,0.337,0.443,83,161,1,6.0,1.0
689,0.255,0.314,0.42,2006,TBD,AL,856,0.358,0.452,61,162,0,,
835,0.278,0.338,0.446,2006,TEX,AL,784,0.341,0.424,80,162,0,,
809,0.284,0.348,0.463,2006,TOR,AL,754,0.328,0.422,87,162,0,,
746,0.262,0.338,0.418,2006,WSN,NL,872,0.349,0.447,71,162,0,,
696,0.256,0.332,0.421,2005,ARI,NL,856,0.345,0.455,77,162,0,,
769,0.265,0.333,0.435,2005,ATL,NL,674,0.333,0.406,90,162,1,4.0,4.0
729,0.269,0.327,0.434,2005,BAL,AL,800,0.336,0.416,74,162,0,,
910,0.281,0.357,0.454,2005,BOS,AL,805,0.335,0.441,95,162,1,3.0,4.0
703,0.27,0.324,0.44,2005,CHC,NL,714,0.325,0.407,79,162,0,,
741,0.262,0.322,0.425,2005,CHW,AL,645,0.31,0.397,99,162,1,2.0,1.0
820,0.261,0.339,0.446,2005,CIN,NL,889,0.352,0.483,73,163,0,,
790,0.271,0.334,0.453,2005,CLE,AL,642,0.302,0.387,93,162,0,,
740,0.267,0.333,0.411,2005,COL,NL,862,0.362,0.457,67,162,0,,
723,0.272,0.321,0.428,2005,DET,AL,787,0.33,0.436,71,162,0,,
717,0.272,0.339,0.409,2005,FLA,NL,732,0.339,0.402,83,162,0,,
693,0.256,0.322,0.408,2005,HOU,NL,609,0.308,0.389,89,163,1,5.0,2.0
701,0.263,0.32,0.396,2005,KCR,AL,935,0.362,0.463,56,162,0,,
761,0.27,0.325,0.409,2005,LAA,AL,643,0.312,0.401,95,162,1,3.0,3.0
685,0.253,0.326,0.395,2005,LAD,NL,755,0.327,0.429,71,162,0,,
726,0.259,0.331,0.423,2005,MIL,NL,697,0.324,0.408,81,162,0,,
688,0.259,0.323,0.391,2005,MIN,AL,662,0.307,0.408,83,162,0,,
722,0.258,0.322,0.416,2005,NYM,NL,648,0.321,0.387,83,162,0,,
886,0.276,0.355,0.45,2005,NYY,AL,789,0.332,0.422,95,162,1,3.0,4.0
772,0.262,0.33,0.407,2005,OAK,AL,658,0.311,0.382,88,162,0,,
807,0.27,0.348,0.423,2005,PHI,NL,726,0.32,0.426,88,162,0,,
680,0.259,0.322,0.4,2005,PIT,NL,769,0.344,0.424,67,162,0,,
684,0.257,0.333,0.391,2005,SDP,NL,726,0.322,0.408,82,162,1,6.0,4.0
699,0.256,0.317,0.391,2005,SEA,AL,751,0.332,0.422,69,162,0,,
649,0.261,0.319,0.396,2005,SFG,NL,745,0.336,0.412,75,162,0,,
805,0.27,0.339,0.423,2005,STL,NL,634,0.318,0.398,100,162,1,1.0,3.0
750,0.274,0.329,0.425,2005,TBD,AL,936,0.355,0.455,67,162,0,,
865,0.267,0.329,0.468,2005,TEX,AL,858,0.343,0.428,79,162,0,,
775,0.265,0.331,0.407,2005,TOR,AL,705,0.324,0.418,80,162,0,,
639,0.252,0.322,0.386,2005,WSN,NL,673,0.333,0.396,81,162,0,,
836,0.282,0.341,0.429,2004,ANA,AL,734,0.326,0.415,92,162,1,6.0,4.0
615,0.253,0.31,0.393,2004,ARI,NL,899,0.35,0.439,51,162,0,,
803,0.27,0.343,0.434,2004,ATL,NL,668,0.329,0.4,96,162,1,4.0,4.0
842,0.281,0.345,0.432,2004,BAL,AL,830,0.348,0.404,78,162,0,,
949,0.282,0.36,0.472,2004,BOS,AL,768,0.318,0.408,98,162,1,3.0,1.0
789,0.268,0.328,0.458,2004,CHC,NL,665,0.321,0.395,89,162,0,,
865,0.268,0.333,0.457,2004,CHW,AL,831,0.338,0.453,83,162,0,,
750,0.25,0.331,0.418,2004,CIN,NL,907,0.348,0.481,76,162,0,,
858,0.276,0.351,0.444,2004,CLE,AL,857,0.342,0.445,80,162,0,,
833,0.275,0.345,0.455,2004,COL,NL,923,0.372,0.471,68,162,0,,
827,0.272,0.337,0.449,2004,DET,AL,844,0.34,0.441,72,162,0,,
718,0.264,0.329,0.406,2004,FLA,NL,700,0.324,0.412,83,162,0,,
803,0.267,0.342,0.436,2004,HOU,NL,698,0.328,0.417,92,162,1,6.0,3.0
720,0.259,0.322,0.397,2004,KCR,AL,905,0.352,0.476,58,162,0,,
761,0.262,0.332,0.423,2004,LAD,NL,684,0.323,0.408,93,162,1,5.0,4.0
634,0.248,0.321,0.387,2004,MIL,NL,757,0.32,0.417,67,161,0,,
780,0.266,0.332,0.431,2004,MIN,AL,715,0.323,0.406,92,162,1,6.0,4.0
635,0.249,0.313,0.392,2004,MON,NL,769,0.342,0.431,67,162,0,,
684,0.249,0.317,0.409,2004,NYM,NL,731,0.335,0.405,71,162,0,,
897,0.268,0.353,0.458,2004,NYY,AL,808,0.328,0.432,101,162,1,2.0,3.0
793,0.27,0.343,0.433,2004,OAK,AL,742,0.332,0.409,91,162,0,,
840,0.267,0.345,0.443,2004,PHI,NL,781,0.33,0.448,86,162,0,,
680,0.26,0.321,0.401,2004,PIT,NL,744,0.342,0.416,72,161,0,,
768,0.273,0.342,0.414,2004,SDP,NL,705,0.318,0.431,87,162,0,,
698,0.27,0.331,0.396,2004,SEA,AL,823,0.338,0.441,63,162,0,,
850,0.27,0.357,0.438,2004,SFG,NL,770,0.332,0.423,91,162,0,,
855,0.278,0.344,0.46,2004,STL,NL,659,0.313,0.403,105,162,1,1.0,2.0
714,0.258,0.32,0.405,2004,TBD,AL,842,0.342,0.438,70,161,0,,
860,0.266,0.329,0.457,2004,TEX,AL,794,0.344,0.432,89,162,0,,
719,0.26,0.328,0.403,2004,TOR,AL,823,0.348,0.434,67,161,0,,
736,0.268,0.33,0.413,2003,ANA,AL,743,0.327,0.421,77,162,0,,
717,0.263,0.33,0.417,2003,ARI,NL,685,0.322,0.388,84,162,0,,
907,0.284,0.349,0.475,2003,ATL,NL,740,0.327,0.401,101,162,1,1.0,4.0
743,0.268,0.323,0.405,2003,BAL,AL,820,0.346,0.446,71,163,0,,
961,0.289,0.36,0.491,2003,BOS,AL,809,0.327,0.415,95,162,1,4.0,3.0
724,0.259,0.323,0.416,2003,CHC,NL,683,0.324,0.372,88,162,1,7.0,3.0
791,0.263,0.331,0.446,2003,CHW,AL,715,0.322,0.404,86,162,0,,
694,0.245,0.318,0.395,2003,CIN,NL,886,0.349,0.463,69,162,0,,
699,0.254,0.316,0.401,2003,CLE,AL,778,0.329,0.426,68,162,0,,
853,0.267,0.344,0.445,2003,COL,NL,892,0.359,0.47,74,162,0,,
591,0.24,0.3,0.375,2003,DET,AL,928,0.352,0.461,43,162,0,,
751,0.266,0.333,0.421,2003,FLA,NL,692,0.325,0.396,91,162,1,5.0,1.0
805,0.263,0.336,0.431,2003,HOU,NL,677,0.326,0.397,87,162,0,,
836,0.274,0.336,0.427,2003,KCR,AL,867,0.348,0.45,83,162,0,,
574,0.243,0.303,0.368,2003,LAD,NL,556,0.306,0.354,85,162,0,,
714,0.256,0.329,0.419,2003,MIL,NL,873,0.348,0.462,68,162,0,,
801,0.277,0.341,0.431,2003,MIN,AL,758,0.319,0.428,90,162,1,6.0,4.0
711,0.258,0.326,0.401,2003,MON,NL,716,0.327,0.423,83,162,0,,
642,0.247,0.314,0.374,2003,NYM,NL,754,0.345,0.438,66,161,0,,
877,0.271,0.356,0.453,2003,NYY,AL,716,0.314,0.407,101,163,1,1.0,2.0
768,0.254,0.327,0.417,2003,OAK,AL,643,0.314,0.376,96,162,1,3.0,4.0
791,0.261,0.343,0.419,2003,PHI,NL,697,0.327,0.401,86,162,0,,
753,0.267,0.338,0.42,2003,PIT,NL,801,0.336,0.431,75,162,0,,
678,0.261,0.333,0.388,2003,SDP,NL,831,0.341,0.437,64,162,0,,
795,0.271,0.344,0.41,2003,SEA,AL,637,0.311,0.388,93,162,0,,
755,0.264,0.338,0.425,2003,SFG,NL,638,0.321,0.386,100,161,1,2.0,4.0
876,0.279,0.35,0.454,2003,STL,NL,796,0.336,0.452,85,162,0,,
715,0.265,0.32,0.404,2003,TBD,AL,852,0.347,0.44,63,162,0,,
826,0.266,0.33,0.454,2003,TEX,AL,969,0.36,0.473,71,162,0,,
894,0.279,0.349,0.455,2003,TOR,AL,826,0.337,0.441,86,162,0,,
851,0.282,0.341,0.433,2002,ANA,AL,644,0.314,0.392,99,162,1,3.0,1.0
819,0.267,0.346,0.423,2002,ARI,NL,674,0.305,0.397,98,162,1,4.0,4.0
708,0.26,0.331,0.409,2002,ATL,NL,565,0.313,0.364,101,161,1,2.0,4.0
667,0.246,0.309,0.403,2002,BAL,AL,773,0.336,0.435,67,162,0,,
859,0.277,0.345,0.444,2002,BOS,AL,665,0.308,0.385,93,162,0,,
706,0.246,0.321,0.413,2002,CHC,NL,759,0.331,0.407,67,162,0,,
856,0.268,0.338,0.449,2002,CHW,AL,798,0.33,0.423,81,162,0,,
709,0.253,0.33,0.408,2002,CIN,NL,774,0.338,0.426,78,162,0,,
739,0.249,0.321,0.412,2002,CLE,AL,837,0.348,0.423,74,162,0,,
778,0.274,0.337,0.423,2002,COL,NL,898,0.349,0.466,73,162,0,,
575,0.248,0.3,0.379,2002,DET,AL,864,0.343,0.455,55,161,0,,
699,0.261,0.337,0.403,2002,FLA,NL,763,0.341,0.415,79,162,0,,
749,0.262,0.338,0.417,2002,HOU,NL,695,0.33,0.41,84,162,0,,
737,0.256,0.323,0.398,2002,KCR,AL,891,0.349,0.464,62,162,0,,
713,0.264,0.32,0.409,2002,LAD,NL,643,0.315,0.387,92,162,0,,
627,0.253,0.32,0.39,2002,MIL,NL,821,0.352,0.442,56,162,0,,
768,0.272,0.332,0.437,2002,MIN,AL,712,0.318,0.421,94,161,1,7.0,3.0
735,0.261,0.334,0.418,2002,MON,NL,718,0.329,0.421,83,162,0,,
690,0.256,0.322,0.395,2002,NYM,NL,703,0.327,0.403,75,161,0,,
897,0.275,0.354,0.455,2002,NYY,AL,697,0.309,0.395,103,161,1,1.0,4.0
800,0.261,0.339,0.432,2002,OAK,AL,654,0.315,0.384,103,162,1,1.0,4.0
710,0.259,0.339,0.422,2002,PHI,NL,724,0.328,0.401,80,161,0,,
641,0.244,0.319,0.381,2002,PIT,NL,730,0.342,0.423,72,161,0,,
662,0.253,0.321,0.381,2002,SDP,NL,815,0.346,0.442,66,162,0,,
814,0.275,0.35,0.419,2002,SEA,AL,699,0.315,0.41,93,162,0,,
783,0.267,0.344,0.442,2002,SFG,NL,616,0.319,0.372,95,162,1,6.0,2.0
787,0.268,0.338,0.425,2002,STL,NL,648,0.323,0.386,97,162,1,5.0,3.0
673,0.253,0.314,0.39,2002,TBD,AL,918,0.357,0.463,55,161,0,,
843,0.269,0.338,0.455,2002,TEX,AL,882,0.355,0.451,72,162,0,,
813,0.261,0.327,0.43,2002,TOR,AL,828,0.344,0.431,78,162,0,,
691,0.261,0.327,0.405,2001,ANA,AL,730,0.331,0.412,75,162,0,,
818,0.267,0.341,0.442,2001,ARI,NL,677,0.311,0.404,92,162,1,5.0,1.0
729,0.26,0.324,0.412,2001,ATL,NL,643,0.314,0.384,88,162,1,7.0,3.0
687,0.248,0.319,0.38,2001,BAL,AL,829,0.337,0.439,63,162,0,,
772,0.266,0.334,0.439,2001,BOS,AL,745,0.329,0.393,82,161,0,,
777,0.261,0.336,0.43,2001,CHC,NL,701,0.321,0.398,88,162,0,,
798,0.268,0.334,0.451,2001,CHW,AL,795,0.334,0.427,83,162,0,,
735,0.262,0.324,0.419,2001,CIN,NL,850,0.341,0.455,66,162,0,,
897,0.278,0.35,0.458,2001,CLE,AL,821,0.341,0.417,91,162,1,6.0,4.0
923,0.292,0.354,0.483,2001,COL,NL,906,0.35,0.48,73,162,0,,
724,0.26,0.32,0.409,2001,DET,AL,876,0.357,0.461,66,162,0,,
742,0.264,0.326,0.423,2001,FLA,NL,744,0.338,0.411,76,162,0,,
847,0.271,0.347,0.451,2001,HOU,NL,769,0.325,0.437,93,162,1,4.0,4.0
729,0.266,0.318,0.409,2001,KCR,AL,858,0.348,0.45,65,162,0,,
758,0.255,0.323,0.425,2001,LAD,NL,744,0.323,0.411,86,162,0,,
740,0.251,0.319,0.426,2001,MIL,NL,806,0.35,0.44,68,162,0,,
771,0.272,0.337,0.433,2001,MIN,AL,766,0.325,0.437,85,162,0,,
670,0.253,0.319,0.396,2001,MON,NL,812,0.339,0.441,68,162,0,,
642,0.249,0.323,0.387,2001,NYM,NL,713,0.314,0.419,82,162,0,,
804,0.267,0.334,0.435,2001,NYY,AL,713,0.318,0.398,95,161,1,3.0,2.0
884,0.264,0.345,0.439,2001,OAK,AL,645,0.308,0.38,102,162,1,2.0,4.0
746,0.26,0.329,0.414,2001,PHI,NL,719,0.329,0.424,86,162,0,,
657,0.247,0.313,0.393,2001,PIT,NL,858,0.344,0.433,62,162,0,,
789,0.252,0.336,0.399,2001,SDP,NL,812,0.33,0.45,79,162,0,,
927,0.288,0.36,0.445,2001,SEA,AL,627,0.301,0.378,116,162,1,1.0,3.0
799,0.266,0.342,0.46,2001,SFG,NL,748,0.329,0.404,90,162,0,,
814,0.27,0.339,0.441,2001,STL,NL,684,0.328,0.428,93,162,1,4.0,4.0
672,0.258,0.32,0.388,2001,TBD,AL,887,0.345,0.452,62,162,0,,
890,0.275,0.344,0.471,2001,TEX,AL,968,0.362,0.494,73,162,0,,
767,0.263,0.325,0.43,2001,TOR,AL,753,0.339,0.435,80,162,0,,
864,0.28,0.352,0.472,2000,ANA,AL,869,0.351,0.453,82,162,0,,
792,0.265,0.333,0.429,2000,ARI,NL,754,0.326,0.424,85,162,0,,
810,0.271,0.346,0.429,2000,ATL,NL,714,0.319,0.402,95,162,1,2.0,4.0
794,0.272,0.341,0.435,2000,BAL,AL,913,0.352,0.449,74,162,0,,
792,0.267,0.341,0.423,2000,BOS,AL,745,0.322,0.411,85,162,0,,
764,0.256,0.335,0.411,2000,CHC,NL,904,0.348,0.452,65,162,0,,
978,0.286,0.356,0.47,2000,CHW,AL,839,0.346,0.434,95,162,1,2.0,4.0
825,0.274,0.343,0.447,2000,CIN,NL,765,0.341,0.438,85,163,0,,
950,0.288,0.367,0.47,2000,CLE,AL,816,0.35,0.425,90,162,0,,
968,0.294,0.362,0.455,2000,COL,NL,897,0.354,0.471,82,162,0,,
823,0.275,0.343,0.438,2000,DET,AL,827,0.34,0.443,79,162,0,,
731,0.262,0.331,0.409,2000,FLA,NL,797,0.348,0.429,79,161,0,,
938,0.278,0.361,0.477,2000,HOU,NL,944,0.353,0.476,72,162,0,,
879,0.288,0.348,0.425,2000,KCR,AL,930,0.362,0.474,77,162,0,,
798,0.257,0.341,0.431,2000,LAD,NL,729,0.332,0.407,86,162,0,,
740,0.246,0.325,0.403,2000,MIL,NL,826,0.357,0.42,73,163,0,,
748,0.27,0.337,0.407,2000,MIN,AL,880,0.347,0.466,69,162,0,,
738,0.266,0.326,0.432,2000,MON,NL,902,0.353,0.449,67,162,0,,
807,0.263,0.346,0.43,2000,NYM,NL,738,0.327,0.403,94,162,1,3.0,2.0
871,0.277,0.354,0.45,2000,NYY,AL,814,0.336,0.422,87,161,1,5.0,1.0
947,0.27,0.36,0.458,2000,OAK,AL,813,0.348,0.423,91,161,1,4.0,4.0
708,0.251,0.329,0.4,2000,PHI,NL,830,0.343,0.448,65,162,0,,
793,0.267,0.339,0.424,2000,PIT,NL,888,0.361,0.432,69,162,0,,
752,0.254,0.33,0.402,2000,SDP,NL,815,0.34,0.416,76,162,0,,
907,0.269,0.361,0.442,2000,SEA,AL,780,0.339,0.416,91,162,1,4.0,3.0
925,0.278,0.362,0.472,2000,SFG,NL,747,0.342,0.412,97,162,1,1.0,4.0
887,0.27,0.356,0.455,2000,STL,NL,771,0.338,0.434,95,162,1,2.0,3.0
733,0.257,0.329,0.399,2000,TBD,AL,842,0.345,0.451,69,161,0,,
848,0.283,0.352,0.446,2000,TEX,AL,974,0.369,0.475,71,162,0,,
861,0.275,0.341,0.469,2000,TOR,AL,908,0.354,0.456,83,162,0,,
711,0.256,0.322,0.395,1999,ANA,AL,826,0.346,0.427,70,162,0,,
908,0.277,0.347,0.459,1999,ARI,NL,676,0.32,0.402,100,162,1,2.0,4.0
840,0.266,0.341,0.436,1999,ATL,NL,661,0.314,0.377,103,162,1,1.0,2.0
851,0.279,0.353,0.447,1999,BAL,AL,815,0.35,0.441,78,162,0,,
836,0.278,0.35,0.448,1999,BOS,AL,718,0.315,0.398,94,162,1,6.0,3.0
747,0.257,0.329,0.42,1999,CHC,NL,920,0.346,0.467,67,162,0,,
777,0.277,0.337,0.429,1999,CHW,AL,870,0.353,0.447,75,162,0,,
865,0.272,0.341,0.451,1999,CIN,NL,711,0.324,0.411,96,163,0,,
1009,0.289,0.373,0.467,1999,CLE,AL,860,0.347,0.439,97,162,1,4.0,4.0
906,0.288,0.348,0.472,1999,COL,NL,1028,0.384,0.499,72,162,0,,
747,0.261,0.326,0.443,1999,DET,AL,882,0.349,0.451,69,161,0,,
691,0.263,0.325,0.395,1999,FLA,NL,852,0.359,0.44,64,162,0,,
823,0.267,0.355,0.42,1999,HOU,NL,675,0.326,0.397,97,162,1,4.0,4.0
856,0.282,0.348,0.433,1999,KCR,AL,921,0.365,0.454,64,161,0,,
793,0.266,0.339,0.42,1999,LAD,NL,787,0.336,0.422,77,162,0,,
815,0.273,0.353,0.426,1999,MIL,NL,886,0.356,0.457,74,161,0,,
686,0.264,0.328,0.384,1999,MIN,AL,845,0.342,0.465,63,161,0,,
718,0.265,0.323,0.427,1999,MON,NL,853,0.342,0.418,68,162,0,,
853,0.279,0.363,0.434,1999,NYM,NL,711,0.331,0.418,97,163,1,4.0,3.0
900,0.282,0.366,0.453,1999,NYY,AL,731,0.329,0.4,98,162,1,3.0,1.0
893,0.259,0.355,0.446,1999,OAK,AL,846,0.344,0.428,87,162,0,,
841,0.275,0.351,0.431,1999,PHI,NL,846,0.347,0.447,77,162,0,,
775,0.259,0.334,0.419,1999,PIT,NL,782,0.343,0.42,78,161,0,,
710,0.252,0.332,0.393,1999,SDP,NL,781,0.333,0.43,74,162,0,,
859,0.269,0.343,0.455,1999,SEA,AL,905,0.368,0.454,79,162,0,,
872,0.271,0.356,0.434,1999,SFG,NL,831,0.345,0.423,86,162,0,,
809,0.262,0.338,0.426,1999,STL,NL,838,0.355,0.427,75,161,0,,
772,0.274,0.343,0.411,1999,TBD,AL,913,0.371,0.448,69,162,0,,
945,0.293,0.361,0.479,1999,TEX,AL,859,0.346,0.459,95,162,1,5.0,4.0
883,0.28,0.352,0.457,1999,TOR,AL,862,0.353,0.456,84,162,0,,
787,0.272,0.335,0.415,1998,ANA,AL,783,,,85,162,0,,
665,0.246,0.314,0.393,1998,ARI,NL,812,,,65,162,0,,
826,0.272,0.342,0.453,1998,ATL,NL,581,,,106,162,1,2.0,3.0
817,0.273,0.347,0.447,1998,BAL,AL,785,,,79,162,0,,
876,0.28,0.348,0.463,1998,BOS,AL,729,,,92,162,1,5.0,4.0
831,0.264,0.337,0.433,1998,CHC,NL,792,,,90,163,1,6.0,4.0
861,0.271,0.339,0.444,1998,CHW,AL,931,,,80,163,0,,
750,0.262,0.337,0.402,1998,CIN,NL,760,,,77,162,0,,
850,0.272,0.347,0.448,1998,CLE,AL,779,,,89,162,1,7.0,3.0
826,0.291,0.347,0.461,1998,COL,NL,855,,,77,162,0,,
722,0.264,0.323,0.415,1998,DET,AL,863,,,65,162,0,,
667,0.248,0.317,0.373,1998,FLA,NL,923,,,54,162,0,,
874,0.28,0.356,0.436,1998,HOU,NL,620,,,102,162,1,3.0,4.0
714,0.263,0.324,0.399,1998,KCR,AL,899,,,72,161,0,,
669,0.252,0.31,0.387,1998,LAD,NL,678,,,83,162,0,,
707,0.26,0.33,0.396,1998,MIL,NL,812,,,74,162,0,,
734,0.266,0.328,0.389,1998,MIN,AL,818,,,70,162,0,,
644,0.249,0.31,0.394,1998,MON,NL,783,,,65,162,0,,
706,0.259,0.33,0.394,1998,NYM,NL,645,,,88,162,0,,
965,0.288,0.364,0.46,1998,NYY,AL,656,,,114,162,1,1.0,1.0
804,0.257,0.338,0.397,1998,OAK,AL,866,,,74,162,0,,
713,0.264,0.326,0.395,1998,PHI,NL,808,,,75,162,0,,
650,0.254,0.311,0.374,1998,PIT,NL,718,,,69,163,0,,
749,0.253,0.33,0.409,1998,SDP,NL,635,,,98,162,1,4.0,2.0
859,0.276,0.345,0.468,1998,SEA,AL,855,,,76,161,0,,
845,0.274,0.353,0.421,1998,SFG,NL,739,,,89,163,0,,
810,0.258,0.341,0.441,1998,STL,NL,782,,,83,163,0,,
620,0.261,0.321,0.385,1998,TBD,AL,751,,,63,162,0,,
940,0.289,0.357,0.462,1998,TEX,AL,871,,,88,162,1,8.0,4.0
816,0.266,0.34,0.448,1998,TOR,AL,768,,,88,163,0,,
829,0.272,0.346,0.416,1997,ANA,AL,794,,,84,162,0,,
791,0.27,0.343,0.426,1997,ATL,NL,581,,,101,162,1,1.0,3.0
812,0.268,0.341,0.429,1997,BAL,AL,681,,,98,162,1,2.0,3.0
851,0.291,0.352,0.463,1997,BOS,AL,857,,,78,162,0,,
687,0.263,0.321,0.396,1997,CHC,NL,759,,,68,162,0,,
779,0.273,0.341,0.417,1997,CHW,AL,833,,,80,161,0,,
651,0.253,0.321,0.389,1997,CIN,NL,764,,,76,162,0,,
868,0.286,0.358,0.467,1997,CLE,AL,815,,,86,161,1,6.0,2.0
923,0.288,0.357,0.478,1997,COL,NL,908,,,83,162,0,,
784,0.258,0.332,0.415,1997,DET,AL,790,,,79,162,0,,
740,0.259,0.346,0.395,1997,FLA,NL,669,,,92,162,1,4.0,1.0
777,0.259,0.344,0.403,1997,HOU,NL,660,,,84,162,1,7.0,4.0
747,0.264,0.333,0.407,1997,KCR,AL,820,,,67,161,0,,
742,0.268,0.33,0.418,1997,LAD,NL,645,,,88,162,0,,
681,0.26,0.325,0.398,1997,MIL,AL,742,,,78,161,0,,
772,0.27,0.333,0.409,1997,MIN,AL,861,,,68,162,0,,
691,0.258,0.316,0.425,1997,MON,NL,740,,,78,162,0,,
777,0.262,0.332,0.405,1997,NYM,NL,709,,,88,162,0,,
891,0.287,0.362,0.436,1997,NYY,AL,688,,,96,162,1,3.0,4.0
764,0.26,0.339,0.423,1997,OAK,AL,946,,,65,162,0,,
668,0.255,0.322,0.385,1997,PHI,NL,840,,,68,162,0,,
725,0.262,0.329,0.404,1997,PIT,NL,760,,,79,162,0,,
795,0.271,0.342,0.407,1997,SDP,NL,891,,,76,162,0,,
925,0.28,0.355,0.485,1997,SEA,AL,833,,,90,162,1,5.0,4.0
784,0.258,0.337,0.414,1997,SFG,NL,793,,,90,162,1,5.0,4.0
689,0.255,0.324,0.396,1997,STL,NL,708,,,73,162,0,,
807,0.274,0.334,0.438,1997,TEX,AL,823,,,77,162,0,,
654,0.244,0.31,0.389,1997,TOR,AL,694,,,76,162,0,,
773,0.27,0.333,0.432,1996,ATL,NL,648,,,96,162,1,2.0,2.0
949,0.274,0.35,0.472,1996,BAL,AL,903,,,88,163,1,6.0,3.0
928,0.283,0.359,0.457,1996,BOS,AL,921,,,85,162,0,,
762,0.276,0.339,0.431,1996,CAL,AL,943,,,70,161,0,,
772,0.251,0.32,0.401,1996,CHC,NL,771,,,76,162,0,,
898,0.281,0.36,0.447,1996,CHW,AL,794,,,85,162,0,,
778,0.256,0.331,0.422,1996,CIN,NL,773,,,81,162,0,,
952,0.293,0.369,0.475,1996,CLE,AL,769,,,99,161,1,1.0,4.0
961,0.287,0.355,0.472,1996,COL,NL,964,,,83,162,0,,
783,0.256,0.323,0.42,1996,DET,AL,1103,,,53,162,0,,
688,0.257,0.329,0.393,1996,FLA,NL,703,,,80,162,0,,
753,0.262,0.336,0.397,1996,HOU,NL,792,,,82,162,0,,
746,0.267,0.332,0.398,1996,KCR,AL,786,,,75,161,0,,
703,0.252,0.316,0.384,1996,LAD,NL,652,,,90,162,1,5.0,4.0
894,0.279,0.353,0.441,1996,MIL,AL,899,,,80,162,0,,
877,0.288,0.357,0.425,1996,MIN,AL,900,,,78,162,0,,
741,0.262,0.327,0.406,1996,MON,NL,668,,,88,162,0,,
746,0.27,0.324,0.412,1996,NYM,NL,779,,,71,162,0,,
871,0.288,0.36,0.436,1996,NYY,AL,787,,,92,162,1,3.0,1.0
861,0.265,0.344,0.452,1996,OAK,AL,900,,,78,162,0,,
650,0.256,0.325,0.387,1996,PHI,NL,790,,,67,162,0,,
776,0.266,0.329,0.407,1996,PIT,NL,833,,,73,162,0,,
771,0.265,0.338,0.402,1996,SDP,NL,682,,,91,162,1,4.0,4.0
993,0.287,0.366,0.484,1996,SEA,AL,895,,,85,161,0,,
752,0.253,0.331,0.388,1996,SFG,NL,862,,,68,162,0,,
759,0.267,0.33,0.407,1996,STL,NL,706,,,88,162,1,6.0,3.0
928,0.284,0.358,0.469,1996,TEX,AL,799,,,90,163,1,5.0,4.0
766,0.259,0.331,0.42,1996,TOR,AL,809,,,74,162,0,,
767,0.262,0.331,0.408,1993,ATL,NL,559,,,104,162,1,1.0,3.0
786,0.267,0.346,0.413,1993,BAL,AL,745,,,85,162,0,,
686,0.264,0.33,0.395,1993,BOS,AL,698,,,80,162,0,,
684,0.26,0.331,0.38,1993,CAL,AL,770,,,71,162,0,,
738,0.27,0.325,0.414,1993,CHC,NL,739,,,84,163,0,,
776,0.265,0.338,0.411,1993,CHW,AL,664,,,94,162,1,4.0,3.0
722,0.264,0.324,0.396,1993,CIN,NL,785,,,73,162,0,,
790,0.275,0.335,0.409,1993,CLE,AL,813,,,76,162,0,,
758,0.273,0.323,0.422,1993,COL,NL,967,,,67,162,0,,
899,0.275,0.362,0.434,1993,DET,AL,837,,,85,162,0,,
581,0.248,0.314,0.346,1993,FLA,NL,724,,,64,162,0,,
716,0.267,0.33,0.409,1993,HOU,NL,630,,,85,162,0,,
675,0.263,0.32,0.397,1993,KCR,AL,694,,,84,162,0,,
675,0.261,0.321,0.383,1993,LAD,NL,662,,,81,162,0,,
733,0.258,0.328,0.378,1993,MIL,AL,792,,,69,162,0,,
693,0.264,0.327,0.385,1993,MIN,AL,830,,,71,162,0,,
732,0.257,0.326,0.386,1993,MON,NL,682,,,94,163,0,,
672,0.248,0.305,0.39,1993,NYM,NL,744,,,59,162,0,,
821,0.279,0.353,0.435,1993,NYY,AL,761,,,88,162,0,,
715,0.254,0.33,0.394,1993,OAK,AL,846,,,68,162,0,,
877,0.274,0.351,0.426,1993,PHI,NL,740,,,97,162,1,2.0,2.0
707,0.267,0.335,0.393,1993,PIT,NL,806,,,75,162,0,,
679,0.252,0.312,0.389,1993,SDP,NL,772,,,61,162,0,,
734,0.26,0.339,0.406,1993,SEA,AL,731,,,82,162,0,,
808,0.276,0.34,0.427,1993,SFG,NL,636,,,103,162,0,,
758,0.272,0.341,0.395,1993,STL,NL,744,,,87,162,0,,
835,0.267,0.329,0.431,1993,TEX,AL,751,,,86,162,0,,
847,0.279,0.35,0.436,1993,TOR,AL,742,,,95,162,1,3.0,1.0
682,0.254,0.316,0.388,1992,ATL,NL,569,,,98,162,1,1.0,2.0
705,0.259,0.34,0.398,1992,BAL,AL,656,,,89,162,0,,
599,0.246,0.321,0.347,1992,BOS,AL,669,,,73,162,0,,
579,0.243,0.301,0.338,1992,CAL,AL,671,,,72,162,0,,
593,0.254,0.307,0.364,1992,CHC,NL,624,,,78,162,0,,
738,0.261,0.336,0.383,1992,CHW,AL,690,,,86,162,0,,
660,0.26,0.328,0.382,1992,CIN,NL,609,,,90,162,0,,
674,0.266,0.323,0.383,1992,CLE,AL,746,,,76,162,0,,
791,0.256,0.337,0.407,1992,DET,AL,794,,,75,162,0,,
608,0.246,0.313,0.359,1992,HOU,NL,668,,,81,162,0,,
610,0.256,0.315,0.364,1992,KCR,AL,667,,,72,162,0,,
548,0.248,0.313,0.339,1992,LAD,NL,636,,,63,162,0,,
740,0.268,0.33,0.375,1992,MIL,AL,604,,,92,162,0,,
747,0.277,0.341,0.391,1992,MIN,AL,653,,,90,162,0,,
648,0.252,0.313,0.37,1992,MON,NL,581,,,87,162,0,,
599,0.235,0.31,0.342,1992,NYM,NL,653,,,72,162,0,,
733,0.261,0.328,0.406,1992,NYY,AL,746,,,76,162,0,,
745,0.258,0.346,0.386,1992,OAK,AL,672,,,96,162,1,2.0,3.0
686,0.253,0.32,0.377,1992,PHI,NL,717,,,70,162,0,,
693,0.255,0.324,0.381,1992,PIT,NL,595,,,96,162,1,2.0,3.0
617,0.255,0.313,0.386,1992,SDP,NL,636,,,82,162,0,,
679,0.263,0.323,0.402,1992,SEA,AL,799,,,64,162,0,,
574,0.244,0.302,0.355,1992,SFG,NL,647,,,72,162,0,,
631,0.262,0.323,0.375,1992,STL,NL,604,,,83,162,0,,
682,0.25,0.321,0.393,1992,TEX,AL,753,,,77,162,0,,
780,0.263,0.333,0.414,1992,TOR,AL,682,,,96,162,1,2.0,1.0
749,0.258,0.328,0.393,1991,ATL,NL,644,,,94,162,1,3.0,2.0
686,0.254,0.319,0.401,1991,BAL,AL,796,,,67,162,0,,
731,0.269,0.34,0.401,1991,BOS,AL,712,,,84,162,0,,
653,0.255,0.314,0.374,1991,CAL,AL,649,,,81,162,0,,
695,0.253,0.309,0.39,1991,CHC,NL,734,,,77,160,0,,
758,0.262,0.336,0.391,1991,CHW,AL,681,,,87,162,0,,
689,0.258,0.32,0.403,1991,CIN,NL,691,,,74,162,0,,
576,0.254,0.313,0.35,1991,CLE,AL,759,,,57,162,0,,
817,0.247,0.333,0.416,1991,DET,AL,794,,,84,162,0,,
605,0.244,0.309,0.347,1991,HOU,NL,717,,,65,162,0,,
727,0.264,0.328,0.394,1991,KCR,AL,722,,,82,162,0,,
665,0.253,0.326,0.359,1991,LAD,NL,565,,,93,162,0,,
799,0.271,0.336,0.396,1991,MIL,AL,744,,,83,162,0,,
776,0.28,0.344,0.42,1991,MIN,AL,652,,,95,162,1,2.0,1.0
579,0.246,0.308,0.357,1991,MON,NL,655,,,71,161,0,,
640,0.244,0.317,0.365,1991,NYM,NL,646,,,77,161,0,,
674,0.256,0.316,0.387,1991,NYY,AL,777,,,71,162,0,,
760,0.248,0.331,0.389,1991,OAK,AL,776,,,84,162,0,,
629,0.241,0.303,0.358,1991,PHI,NL,680,,,78,162,0,,
768,0.263,0.338,0.398,1991,PIT,NL,632,,,98,162,1,1.0,3.0
636,0.244,0.31,0.362,1991,SDP,NL,646,,,84,162,0,,
702,0.255,0.328,0.383,1991,SEA,AL,674,,,83,162,0,,
649,0.246,0.309,0.381,1991,SFG,NL,697,,,75,162,0,,
651,0.255,0.322,0.357,1991,STL,NL,648,,,84,162,0,,
829,0.27,0.341,0.424,1991,TEX,AL,814,,,85,162,0,,
684,0.257,0.322,0.4,1991,TOR,AL,622,,,91,162,1,4.0,3.0
682,0.25,0.311,0.396,1990,ATL,NL,821,,,65,162,0,,
669,0.245,0.33,0.37,1990,BAL,AL,698,,,76,161,0,,
699,0.272,0.344,0.395,1990,BOS,AL,664,,,88,162,1,4.0,3.0
690,0.26,0.329,0.391,1990,CAL,AL,706,,,80,162,0,,
690,0.263,0.314,0.392,1990,CHC,NL,774,,,77,162,0,,
682,0.258,0.32,0.379,1990,CHW,AL,633,,,94,162,0,,
693,0.265,0.325,0.399,1990,CIN,NL,597,,,91,162,1,3.0,1.0
732,0.267,0.324,0.391,1990,CLE,AL,737,,,77,162,0,,
750,0.259,0.337,0.409,1990,DET,AL,754,,,79,162,0,,
573,0.242,0.313,0.345,1990,HOU,NL,656,,,75,162,0,,
707,0.267,0.328,0.395,1990,KCR,AL,709,,,75,161,0,,
728,0.262,0.328,0.382,1990,LAD,NL,685,,,86,162,0,,
732,0.256,0.32,0.384,1990,MIL,AL,760,,,74,162,0,,
666,0.265,0.324,0.385,1990,MIN,AL,729,,,74,162,0,,
662,0.25,0.322,0.37,1990,MON,NL,598,,,85,162,0,,
775,0.256,0.323,0.408,1990,NYM,NL,613,,,91,162,0,,
603,0.241,0.3,0.366,1990,NYY,AL,749,,,67,162,0,,
733,0.254,0.336,0.391,1990,OAK,AL,570,,,103,162,1,1.0,2.0
646,0.255,0.327,0.363,1990,PHI,NL,729,,,77,162,0,,
733,0.259,0.33,0.405,1990,PIT,NL,619,,,95,162,1,2.0,3.0
673,0.257,0.32,0.38,1990,SDP,NL,673,,,75,162,0,,
640,0.259,0.333,0.373,1990,SEA,AL,680,,,77,162,0,,
719,0.262,0.323,0.396,1990,SFG,NL,710,,,85,162,0,,
599,0.256,0.32,0.358,1990,STL,NL,698,,,70,162,0,,
676,0.259,0.331,0.376,1990,TEX,AL,696,,,83,162,0,,
767,0.265,0.328,0.419,1990,TOR,AL,661,,,86,162,0,,
584,0.234,0.298,0.35,1989,ATL,NL,680,,,63,161,0,,
708,0.252,0.326,0.379,1989,BAL,AL,686,,,87,162,0,,
774,0.277,0.351,0.403,1989,BOS,AL,735,,,83,162,0,,
669,0.256,0.311,0.386,1989,CAL,AL,578,,,91,162,0,,
702,0.261,0.319,0.387,1989,CHC,NL,623,,,93,162,1,2.0,3.0
693,0.271,0.328,0.383,1989,CHW,AL,750,,,69,161,0,,
632,0.247,0.309,0.37,1989,CIN,NL,691,,,75,162,0,,
604,0.245,0.31,0.365,1989,CLE,AL,654,,,73,162,0,,
617,0.242,0.318,0.351,1989,DET,AL,816,,,59,162,0,,
647,0.239,0.306,0.345,1989,HOU,NL,669,,,86,162,0,,
690,0.261,0.329,0.373,1989,KCR,AL,635,,,92,162,0,,
554,0.24,0.306,0.339,1989,LAD,NL,536,,,77,160,0,,
707,0.259,0.318,0.382,1989,MIL,AL,679,,,81,162,0,,
740,0.276,0.334,0.402,1989,MIN,AL,738,,,80,162,0,,
632,0.247,0.319,0.361,1989,MON,NL,630,,,81,162,0,,
683,0.246,0.311,0.385,1989,NYM,NL,595,,,87,162,0,,
698,0.269,0.331,0.391,1989,NYY,AL,792,,,74,161,0,,
712,0.261,0.331,0.381,1989,OAK,AL,576,,,99,162,1,1.0,1.0
629,0.243,0.314,0.364,1989,PHI,NL,735,,,67,163,0,,
637,0.241,0.311,0.359,1989,PIT,NL,680,,,74,164,0,,
642,0.251,0.319,0.369,1989,SDP,NL,626,,,89,162,0,,
694,0.257,0.32,0.384,1989,SEA,AL,728,,,73,162,0,,
699,0.25,0.316,0.39,1989,SFG,NL,600,,,92,162,1,3.0,2.0
632,0.258,0.321,0.363,1989,STL,NL,608,,,86,164,0,,
695,0.263,0.326,0.394,1989,TEX,AL,714,,,83,162,0,,
731,0.26,0.323,0.398,1989,TOR,AL,651,,,89,162,1,4.0,3.0
555,0.242,0.298,0.348,1988,ATL,NL,741,,,54,160,0,,
550,0.238,0.305,0.359,1988,BAL,AL,789,,,54,161,0,,
813,0.283,0.357,0.42,1988,BOS,AL,689,,,89,162,1,4.0,3.0
714,0.261,0.321,0.385,1988,CAL,AL,771,,,75,162,0,,
660,0.261,0.31,0.383,1988,CHC,NL,694,,,77,163,0,,
631,0.244,0.303,0.37,1988,CHW,AL,757,,,71,161,0,,
641,0.246,0.309,0.368,1988,CIN,NL,596,,,87,161,0,,
666,0.261,0.314,0.387,1988,CLE,AL,731,,,78,162,0,,
703,0.25,0.324,0.378,1988,DET,AL,658,,,88,162,0,,
617,0.244,0.306,0.351,1988,HOU,NL,631,,,82,162,0,,
704,0.259,0.321,0.391,1988,KCR,AL,648,,,84,161,0,,
628,0.248,0.305,0.352,1988,LAD,NL,544,,,94,162,1,3.0,1.0
682,0.257,0.314,0.375,1988,MIL,AL,616,,,87,162,0,,
759,0.274,0.34,0.421,1988,MIN,AL,672,,,91,162,0,,
628,0.251,0.309,0.373,1988,MON,NL,592,,,81,163,0,,
703,0.256,0.325,0.396,1988,NYM,NL,532,,,100,160,1,2.0,3.0
772,0.263,0.333,0.395,1988,NYY,AL,748,,,85,161,0,,
800,0.263,0.336,0.399,1988,OAK,AL,620,,,104,162,1,1.0,2.0
597,0.239,0.306,0.355,1988,PHI,NL,734,,,65,162,0,,
651,0.247,0.317,0.369,1988,PIT,NL,616,,,85,160,0,,
594,0.247,0.31,0.351,1988,SDP,NL,583,,,83,161,0,,
664,0.257,0.317,0.398,1988,SEA,AL,744,,,68,161,0,,
670,0.248,0.318,0.368,1988,SFG,NL,626,,,83,162,0,,
578,0.249,0.309,0.337,1988,STL,NL,633,,,76,162,0,,
637,0.252,0.32,0.368,1988,TEX,AL,735,,,70,161,0,,
763,0.268,0.332,0.419,1988,TOR,AL,680,,,87,162,0,,
747,0.258,0.339,0.403,1987,ATL,NL,829,,,69,161,0,,
729,0.258,0.322,0.418,1987,BAL,AL,880,,,67,162,0,,
842,0.278,0.352,0.43,1987,BOS,AL,825,,,78,162,0,,
770,0.252,0.326,0.401,1987,CAL,AL,803,,,75,162,0,,
720,0.264,0.326,0.432,1987,CHC,NL,801,,,76,161,0,,
748,0.258,0.319,0.415,1987,CHW,AL,746,,,77,162,0,,
783,0.266,0.33,0.427,1987,CIN,NL,752,,,84,162,0,,
742,0.263,0.324,0.422,1987,CLE,AL,957,,,61,162,0,,
896,0.272,0.349,0.451,1987,DET,AL,735,,,98,162,1,1.0,3.0
648,0.253,0.318,0.373,1987,HOU,NL,678,,,76,162,0,,
715,0.262,0.328,0.412,1987,KCR,AL,691,,,83,162,0,,
635,0.252,0.309,0.371,1987,LAD,NL,675,,,73,162,0,,
862,0.276,0.346,0.428,1987,MIL,AL,817,,,91,162,0,,
786,0.261,0.328,0.43,1987,MIN,AL,806,,,85,162,1,4.0,1.0
741,0.265,0.328,0.401,1987,MON,NL,720,,,91,162,0,,
823,0.268,0.339,0.434,1987,NYM,NL,698,,,92,162,0,,
788,0.262,0.336,0.418,1987,NYY,AL,758,,,89,162,0,,
806,0.26,0.333,0.428,1987,OAK,AL,789,,,81,162,0,,
702,0.254,0.327,0.41,1987,PHI,NL,749,,,80,162,0,,
723,0.264,0.33,0.403,1987,PIT,NL,744,,,80,162,0,,
668,0.26,0.332,0.378,1987,SDP,NL,763,,,65,162,0,,
760,0.272,0.335,0.428,1987,SEA,AL,801,,,78,162,0,,
783,0.26,0.324,0.43,1987,SFG,NL,669,,,90,162,1,3.0,3.0
798,0.263,0.34,0.378,1987,STL,NL,693,,,95,162,1,2.0,2.0
823,0.266,0.333,0.43,1987,TEX,AL,849,,,75,162,0,,
845,0.269,0.336,0.446,1987,TOR,AL,655,,,96,162,0,,
615,0.25,0.319,0.381,1986,ATL,NL,719,,,72,161,0,,
708,0.258,0.327,0.395,1986,BAL,AL,760,,,73,162,0,,
794,0.271,0.346,0.415,1986,BOS,AL,696,,,95,161,1,3.0,2.0
786,0.255,0.338,0.404,1986,CAL,AL,684,,,92,162,1,4.0,3.0
680,0.256,0.318,0.398,1986,CHC,NL,781,,,70,160,0,,
644,0.247,0.31,0.363,1986,CHW,AL,699,,,72,162,0,,
732,0.254,0.325,0.387,1986,CIN,NL,717,,,86,162,0,,
831,0.284,0.337,0.43,1986,CLE,AL,841,,,84,163,0,,
798,0.263,0.338,0.424,1986,DET,AL,714,,,87,162,0,,
654,0.255,0.322,0.381,1986,HOU,NL,569,,,96,162,1,2.0,3.0
654,0.252,0.313,0.39,1986,KCR,AL,673,,,76,162,0,,
638,0.251,0.313,0.37,1986,LAD,NL,679,,,73,162,0,,
667,0.255,0.321,0.385,1986,MIL,AL,734,,,77,161,0,,
741,0.261,0.325,0.428,1986,MIN,AL,839,,,71,162,0,,
637,0.254,0.322,0.379,1986,MON,NL,688,,,78,161,0,,
783,0.263,0.339,0.401,1986,NYM,NL,578,,,108,162,1,1.0,1.0
797,0.271,0.347,0.43,1986,NYY,AL,738,,,90,162,0,,
731,0.252,0.322,0.39,1986,OAK,AL,760,,,76,162,0,,
739,0.253,0.327,0.4,1986,PHI,NL,713,,,86,161,0,,
663,0.25,0.321,0.374,1986,PIT,NL,700,,,64,162,0,,
656,0.261,0.321,0.388,1986,SDP,NL,723,,,74,162,0,,
718,0.253,0.326,0.399,1986,SEA,AL,835,,,67,162,0,,
698,0.253,0.322,0.375,1986,SFG,NL,618,,,83,162,0,,
601,0.236,0.309,0.327,1986,STL,NL,611,,,79,161,0,,
771,0.267,0.331,0.428,1986,TEX,AL,743,,,87,162,0,,
809,0.269,0.329,0.427,1986,TOR,AL,733,,,86,163,0,,
632,0.246,0.315,0.363,1985,ATL,NL,781,,,66,162,0,,
818,0.263,0.336,0.43,1985,BAL,AL,764,,,83,161,0,,
800,0.282,0.347,0.429,1985,BOS,AL,720,,,81,163,0,,
732,0.251,0.333,0.386,1985,CAL,AL,703,,,90,162,0,,
686,0.254,0.324,0.39,1985,CHC,NL,729,,,77,162,0,,
736,0.253,0.315,0.392,1985,CHW,AL,720,,,85,163,0,,
677,0.255,0.327,0.376,1985,CIN,NL,666,,,89,162,0,,
729,0.265,0.324,0.385,1985,CLE,AL,861,,,60,162,0,,
729,0.253,0.318,0.424,1985,DET,AL,688,,,84,161,0,,
706,0.261,0.319,0.388,1985,HOU,NL,691,,,83,162,0,,
687,0.252,0.313,0.401,1985,KCR,AL,639,,,91,162,1,4.0,1.0
682,0.261,0.328,0.382,1985,LAD,NL,579,,,95,162,1,3.0,3.0
690,0.263,0.319,0.379,1985,MIL,AL,802,,,71,161,0,,
705,0.264,0.326,0.407,1985,MIN,AL,782,,,77,162,0,,
633,0.247,0.31,0.375,1985,MON,NL,636,,,84,161,0,,
695,0.257,0.323,0.385,1985,NYM,NL,568,,,98,162,0,,
839,0.267,0.344,0.425,1985,NYY,AL,660,,,97,161,0,,
757,0.264,0.325,0.401,1985,OAK,AL,787,,,77,162,0,,
667,0.245,0.312,0.383,1985,PHI,NL,673,,,75,162,0,,
568,0.247,0.311,0.347,1985,PIT,NL,708,,,57,161,0,,
650,0.255,0.32,0.368,1985,SDP,NL,622,,,83,162,0,,
719,0.255,0.326,0.412,1985,SEA,AL,818,,,74,162,0,,
556,0.233,0.299,0.348,1985,SFG,NL,674,,,62,162,0,,
747,0.264,0.335,0.379,1985,STL,NL,572,,,101,162,1,1.0,2.0
617,0.253,0.322,0.381,1985,TEX,AL,785,,,62,161,0,,
759,0.269,0.331,0.425,1985,TOR,AL,588,,,99,161,1,2.0,3.0
632,0.247,0.317,0.361,1984,ATL,NL,655,,,80,162,0,,
681,0.252,0.328,0.391,1984,BAL,AL,667,,,85,162,0,,
810,0.283,0.341,0.441,1984,BOS,AL,764,,,86,162,0,,
696,0.249,0.319,0.381,1984,CAL,AL,697,,,81,162,0,,
762,0.26,0.331,0.397,1984,CHC,NL,658,,,96,161,1,2.0,3.0
679,0.247,0.314,0.395,1984,CHW,AL,736,,,74,162,0,,
627,0.244,0.313,0.356,1984,CIN,NL,747,,,70,162,0,,
761,0.265,0.335,0.384,1984,CLE,AL,766,,,75,163,0,,
829,0.271,0.342,0.432,1984,DET,AL,643,,,104,162,1,1.0,1.0
693,0.264,0.323,0.371,1984,HOU,NL,630,,,80,162,0,,
673,0.268,0.317,0.399,1984,KCR,AL,686,,,84,162,1,4.0,3.0
580,0.244,0.306,0.348,1984,LAD,NL,600,,,79,162,0,,
641,0.262,0.317,0.37,1984,MIL,AL,734,,,67,161,0,,
673,0.265,0.318,0.385,1984,MIN,AL,675,,,81,162,0,,
593,0.251,0.312,0.362,1984,MON,NL,585,,,78,161,0,,
652,0.257,0.32,0.369,1984,NYM,NL,676,,,90,162,0,,
758,0.276,0.339,0.404,1984,NYY,AL,679,,,87,162,0,,
738,0.259,0.327,0.404,1984,OAK,AL,796,,,77,162,0,,
720,0.266,0.333,0.407,1984,PHI,NL,690,,,81,162,0,,
615,0.255,0.31,0.363,1984,PIT,NL,567,,,75,162,0,,
686,0.259,0.317,0.371,1984,SDP,NL,634,,,92,162,1,3.0,2.0
682,0.258,0.324,0.384,1984,SEA,AL,774,,,74,162,0,,
682,0.265,0.328,0.375,1984,SFG,NL,807,,,66,162,0,,
652,0.252,0.317,0.351,1984,STL,NL,645,,,84,162,0,,
656,0.261,0.313,0.377,1984,TEX,AL,714,,,69,161,0,,
750,0.273,0.331,0.421,1984,TOR,AL,696,,,89,163,0,,
746,0.272,0.341,0.4,1983,ATL,NL,640,,,88,162,0,,
799,0.269,0.34,0.421,1983,BAL,AL,652,,,98,162,1,2.0,1.0
724,0.27,0.335,0.409,1983,BOS,AL,775,,,78,162,0,,
722,0.26,0.322,0.393,1983,CAL,AL,779,,,70,162,0,,
701,0.261,0.319,0.401,1983,CHC,NL,719,,,71,162,0,,
800,0.262,0.329,0.413,1983,CHW,AL,650,,,99,162,1,1.0,3.0
623,0.239,0.314,0.356,1983,CIN,NL,710,,,74,162,0,,
704,0.265,0.338,0.369,1983,CLE,AL,785,,,70,162,0,,
789,0.274,0.335,0.427,1983,DET,AL,679,,,92,162,0,,
643,0.257,0.32,0.375,1983,HOU,NL,646,,,85,162,0,,
696,0.271,0.32,0.397,1983,KCR,AL,767,,,79,163,0,,
654,0.25,0.318,0.379,1983,LAD,NL,609,,,91,163,1,3.0,3.0
764,0.277,0.333,0.418,1983,MIL,AL,708,,,87,162,0,,
709,0.261,0.319,0.401,1983,MIN,AL,822,,,70,162,0,,
677,0.264,0.326,0.386,1983,MON,NL,646,,,82,163,0,,
575,0.241,0.3,0.344,1983,NYM,NL,680,,,68,162,0,,
770,0.273,0.337,0.416,1983,NYY,AL,703,,,91,162,0,,
708,0.262,0.326,0.381,1983,OAK,AL,782,,,74,162,0,,
696,0.249,0.329,0.373,1983,PHI,NL,635,,,90,163,1,4.0,2.0
659,0.264,0.325,0.383,1983,PIT,NL,648,,,84,162,0,,
653,0.25,0.311,0.351,1983,SDP,NL,653,,,81,163,0,,
558,0.24,0.301,0.36,1983,SEA,AL,740,,,60,162,0,,
687,0.247,0.325,0.375,1983,SFG,NL,697,,,79,162,0,,
679,0.27,0.335,0.384,1983,STL,NL,710,,,79,162,0,,
639,0.255,0.31,0.366,1983,TEX,AL,609,,,77,163,0,,
795,0.277,0.338,0.436,1983,TOR,AL,726,,,89,162,0,,
739,0.256,0.325,0.383,1982,ATL,NL,702,,,89,162,1,4.0,3.0
774,0.266,0.341,0.419,1982,BAL,AL,687,,,94,163,0,,
753,0.274,0.34,0.407,1982,BOS,AL,713,,,89,162,0,,
814,0.274,0.347,0.433,1982,CAL,AL,670,,,93,162,1,2.0,3.0
676,0.26,0.317,0.375,1982,CHC,NL,709,,,73,162,0,,
786,0.273,0.337,0.413,1982,CHW,AL,710,,,87,162,0,,
545,0.251,0.31,0.35,1982,CIN,NL,661,,,61,162,0,,
683,0.262,0.341,0.373,1982,CLE,AL,748,,,78,162,0,,
729,0.266,0.324,0.418,1982,DET,AL,685,,,83,162,0,,
569,0.247,0.302,0.349,1982,HOU,NL,620,,,77,162,0,,
784,0.285,0.337,0.428,1982,KCR,AL,717,,,90,162,0,,
691,0.264,0.327,0.388,1982,LAD,NL,612,,,88,162,0,,
891,0.279,0.335,0.455,1982,MIL,AL,717,,,95,163,1,1.0,2.0
657,0.257,0.316,0.396,1982,MIN,AL,819,,,60,162,0,,
697,0.262,0.325,0.396,1982,MON,NL,616,,,86,162,0,,
609,0.247,0.305,0.35,1982,NYM,NL,723,,,65,162,0,,
709,0.256,0.328,0.398,1982,NYY,AL,716,,,79,162,0,,
691,0.236,0.309,0.367,1982,OAK,AL,819,,,68,162,0,,
664,0.26,0.323,0.376,1982,PHI,NL,654,,,89,162,0,,
724,0.273,0.327,0.408,1982,PIT,NL,696,,,84,162,0,,
675,0.257,0.311,0.359,1982,SDP,NL,658,,,81,162,0,,
651,0.254,0.311,0.381,1982,SEA,AL,712,,,76,162,0,,
673,0.253,0.327,0.376,1982,SFG,NL,687,,,87,162,0,,
685,0.264,0.334,0.364,1982,STL,NL,609,,,92,162,1,3.0,1.0
590,0.249,0.308,0.359,1982,TEX,AL,749,,,64,162,0,,
651,0.262,0.314,0.383,1982,TOR,AL,701,,,78,162,0,,
630,0.25,0.307,0.38,1980,ATL,NL,660,,,81,161,0,,
805,0.273,0.342,0.413,1980,BAL,AL,640,,,100,162,0,,
757,0.283,0.34,0.436,1980,BOS,AL,767,,,83,160,0,,
698,0.265,0.332,0.378,1980,CAL,AL,797,,,65,160,0,,
614,0.251,0.309,0.365,1980,CHC,NL,728,,,64,162,0,,
587,0.259,0.311,0.37,1980,CHW,AL,722,,,70,162,0,,
707,0.262,0.327,0.386,1980,CIN,NL,670,,,89,163,0,,
738,0.277,0.35,0.381,1980,CLE,AL,807,,,79,160,0,,
830,0.273,0.348,0.409,1980,DET,AL,757,,,84,163,0,,
637,0.261,0.326,0.367,1980,HOU,NL,589,,,93,163,1,3.0,3.0
809,0.286,0.345,0.413,1980,KCR,AL,694,,,97,162,1,2.0,2.0
663,0.263,0.323,0.388,1980,LAD,NL,591,,,92,163,0,,
811,0.275,0.329,0.448,1980,MIL,AL,682,,,86,162,0,,
670,0.265,0.319,0.381,1980,MIN,AL,724,,,77,161,0,,
694,0.257,0.324,0.388,1980,MON,NL,629,,,90,162,0,,
611,0.257,0.319,0.345,1980,NYM,NL,702,,,67,162,0,,
820,0.267,0.343,0.425,1980,NYY,AL,662,,,103,162,1,1.0,3.0
686,0.259,0.322,0.385,1980,OAK,AL,642,,,83,162,0,,
728,0.27,0.327,0.4,1980,PHI,NL,639,,,91,162,1,4.0,1.0
666,0.266,0.322,0.388,1980,PIT,NL,646,,,83,162,0,,
591,0.255,0.324,0.342,1980,SDP,NL,654,,,73,163,0,,
610,0.248,0.308,0.356,1980,SEA,AL,793,,,59,163,0,,
573,0.244,0.308,0.342,1980,SFG,NL,634,,,75,161,0,,
738,0.275,0.328,0.4,1980,STL,NL,710,,,74,162,0,,
756,0.284,0.339,0.405,1980,TEX,AL,752,,,76,163,0,,
624,0.251,0.309,0.383,1980,TOR,AL,762,,,67,162,0,,
669,0.256,0.318,0.377,1979,ATL,NL,763,,,66,160,0,,
757,0.261,0.336,0.419,1979,BAL,AL,582,,,102,159,1,1.0,2.0
841,0.283,0.344,0.456,1979,BOS,AL,711,,,91,160,0,,
866,0.282,0.351,0.429,1979,CAL,AL,768,,,88,162,1,4.0,3.0
706,0.269,0.329,0.403,1979,CHC,NL,707,,,80,162,0,,
730,0.275,0.333,0.41,1979,CHW,AL,748,,,73,160,0,,
731,0.264,0.338,0.396,1979,CIN,NL,644,,,90,161,1,3.0,3.0
760,0.258,0.34,0.384,1979,CLE,AL,805,,,81,161,0,,
770,0.269,0.339,0.415,1979,DET,AL,738,,,84,161,0,,
583,0.256,0.315,0.344,1979,HOU,NL,582,,,89,162,0,,
851,0.282,0.343,0.422,1979,KCR,AL,816,,,85,162,0,,
739,0.263,0.331,0.412,1979,LAD,NL,717,,,79,162,0,,
807,0.28,0.345,0.448,1979,MIL,AL,722,,,95,161,0,,
764,0.278,0.341,0.402,1979,MIN,AL,725,,,82,162,0,,
701,0.264,0.319,0.408,1979,MON,NL,581,,,95,160,0,,
593,0.25,0.313,0.35,1979,NYM,NL,706,,,63,163,0,,
734,0.266,0.328,0.406,1979,NYY,AL,672,,,89,160,0,,
573,0.239,0.302,0.346,1979,OAK,AL,860,,,54,162,0,,
683,0.266,0.34,0.396,1979,PHI,NL,718,,,84,163,0,,
775,0.272,0.33,0.416,1979,PIT,NL,643,,,98,163,1,2.0,1.0
603,0.242,0.311,0.348,1979,SDP,NL,681,,,68,161,0,,
711,0.269,0.331,0.404,1979,SEA,AL,820,,,67,162,0,,
672,0.246,0.319,0.365,1979,SFG,NL,751,,,71,162,0,,
731,0.278,0.331,0.401,1979,STL,NL,693,,,86,163,0,,
750,0.278,0.334,0.409,1979,TEX,AL,698,,,83,162,0,,
613,0.251,0.311,0.363,1979,TOR,AL,862,,,53,162,0,,
600,0.244,0.315,0.363,1978,ATL,NL,750,,,69,162,0,,
659,0.258,0.326,0.396,1978,BAL,AL,633,,,90,161,0,,
796,0.267,0.336,0.424,1978,BOS,AL,657,,,99,163,0,,
691,0.259,0.33,0.37,1978,CAL,AL,666,,,87,162,0,,
664,0.264,0.331,0.361,1978,CHC,NL,724,,,79,162,0,,
634,0.264,0.317,0.379,1978,CHW,AL,731,,,71,161,0,,
710,0.256,0.334,0.393,1978,CIN,NL,688,,,92,161,0,,
639,0.261,0.323,0.379,1978,CLE,AL,694,,,69,159,0,,
714,0.271,0.339,0.392,1978,DET,AL,653,,,86,162,0,,
605,0.258,0.313,0.355,1978,HOU,NL,634,,,74,162,0,,
743,0.268,0.329,0.399,1978,KCR,AL,634,,,92,162,1,3.0,3.0
727,0.264,0.338,0.402,1978,LAD,NL,573,,,95,162,1,2.0,2.0
804,0.276,0.339,0.432,1978,MIL,AL,650,,,93,162,0,,
666,0.267,0.339,0.375,1978,MIN,AL,678,,,73,162,0,,
633,0.254,0.306,0.379,1978,MON,NL,611,,,76,162,0,,
607,0.245,0.314,0.352,1978,NYM,NL,690,,,66,162,0,,
735,0.267,0.329,0.388,1978,NYY,AL,582,,,100,163,1,1.0,1.0
532,0.245,0.303,0.351,1978,OAK,AL,690,,,69,162,0,,
708,0.258,0.328,0.388,1978,PHI,NL,586,,,90,162,1,4.0,3.0
684,0.257,0.32,0.385,1978,PIT,NL,637,,,88,161,0,,
591,0.252,0.321,0.348,1978,SDP,NL,598,,,84,162,0,,
614,0.248,0.314,0.359,1978,SEA,AL,834,,,56,160,0,,
613,0.248,0.318,0.374,1978,SFG,NL,594,,,89,162,0,,
600,0.249,0.303,0.358,1978,STL,NL,657,,,69,162,0,,
692,0.253,0.332,0.381,1978,TEX,AL,632,,,87,162,0,,
590,0.25,0.308,0.359,1978,TOR,AL,775,,,59,161,0,,
678,0.254,0.32,0.376,1977,ATL,NL,895,,,61,162,0,,
719,0.261,0.329,0.393,1977,BAL,AL,653,,,97,161,0,,
859,0.281,0.345,0.465,1977,BOS,AL,712,,,97,161,0,,
675,0.255,0.324,0.386,1977,CAL,AL,695,,,74,162,0,,
692,0.266,0.33,0.387,1977,CHC,NL,739,,,81,162,0,,
844,0.278,0.344,0.444,1977,CHW,AL,771,,,90,162,0,,
802,0.274,0.345,0.436,1977,CIN,NL,725,,,88,162,0,,
676,0.269,0.334,0.38,1977,CLE,AL,739,,,71,161,0,,
714,0.264,0.318,0.41,1977,DET,AL,751,,,74,162,0,,
680,0.254,0.32,0.385,1977,HOU,NL,650,,,81,162,0,,
822,0.277,0.34,0.436,1977,KCR,AL,651,,,102,162,1,1.0,3.0
769,0.266,0.336,0.418,1977,LAD,NL,582,,,98,162,1,4.0,2.0
639,0.258,0.314,0.389,1977,MIL,AL,765,,,67,162,0,,
867,0.282,0.348,0.417,1977,MIN,AL,776,,,84,161,0,,
665,0.26,0.318,0.402,1977,MON,NL,736,,,75,162,0,,
587,0.244,0.313,0.346,1977,NYM,NL,663,,,64,162,0,,
831,0.281,0.344,0.444,1977,NYY,AL,651,,,100,162,1,3.0,1.0
605,0.24,0.308,0.352,1977,OAK,AL,749,,,63,161,0,,
847,0.279,0.346,0.448,1977,PHI,NL,668,,,101,162,1,2.0,3.0
734,0.274,0.331,0.413,1977,PIT,NL,665,,,96,162,0,,
692,0.249,0.324,0.375,1977,SDP,NL,834,,,69,162,0,,
624,0.256,0.312,0.381,1977,SEA,AL,855,,,64,162,0,,
673,0.253,0.323,0.383,1977,SFG,NL,711,,,75,162,0,,
737,0.27,0.33,0.388,1977,STL,NL,688,,,83,162,0,,
767,0.27,0.342,0.405,1977,TEX,AL,657,,,94,162,0,,
605,0.252,0.316,0.365,1977,TOR,AL,822,,,54,161,0,,
620,0.245,0.32,0.334,1976,ATL,NL,700,,,70,162,0,,
619,0.243,0.31,0.358,1976,BAL,AL,598,,,88,162,0,,
716,0.263,0.324,0.402,1976,BOS,AL,660,,,83,162,0,,
550,0.235,0.306,0.318,1976,CAL,AL,631,,,76,162,0,,
611,0.251,0.313,0.356,1976,CHC,NL,728,,,75,162,0,,
586,0.255,0.314,0.349,1976,CHW,AL,745,,,64,161,0,,
857,0.28,0.357,0.424,1976,CIN,NL,633,,,102,162,1,1.0,1.0
615,0.263,0.321,0.359,1976,CLE,AL,615,,,81,159,0,,
609,0.257,0.315,0.365,1976,DET,AL,709,,,74,161,0,,
625,0.256,0.322,0.347,1976,HOU,NL,657,,,80,162,0,,
713,0.269,0.327,0.371,1976,KCR,AL,611,,,90,162,1,4.0,3.0
608,0.251,0.313,0.349,1976,LAD,NL,543,,,92,162,0,,
570,0.246,0.311,0.34,1976,MIL,AL,655,,,66,161,0,,
743,0.274,0.341,0.375,1976,MIN,AL,704,,,85,162,0,,
531,0.235,0.291,0.34,1976,MON,NL,734,,,55,162,0,,
615,0.246,0.319,0.352,1976,NYM,NL,538,,,86,162,0,,
730,0.269,0.328,0.389,1976,NYY,AL,575,,,97,159,1,3.0,2.0
686,0.246,0.323,0.361,1976,OAK,AL,598,,,87,161,0,,
770,0.272,0.338,0.395,1976,PHI,NL,557,,,101,162,1,2.0,3.0
708,0.267,0.321,0.391,1976,PIT,NL,630,,,92,162,0,,
570,0.247,0.31,0.337,1976,SDP,NL,662,,,73,162,0,,
595,0.246,0.312,0.345,1976,SFG,NL,686,,,74,162,0,,
629,0.26,0.323,0.359,1976,STL,NL,671,,,72,162,0,,
616,0.25,0.321,0.341,1976,TEX,AL,652,,,76,162,0,,
583,0.244,0.313,0.346,1975,ATL,NL,739,,,67,161,0,,
682,0.252,0.326,0.373,1975,BAL,AL,553,,,90,159,0,,
796,0.275,0.344,0.417,1975,BOS,AL,709,,,95,160,1,3.0,2.0
628,0.246,0.322,0.328,1975,CAL,AL,723,,,72,161,0,,
712,0.259,0.338,0.368,1975,CHC,NL,827,,,75,162,0,,
655,0.255,0.331,0.358,1975,CHW,AL,703,,,75,161,0,,
840,0.271,0.353,0.401,1975,CIN,NL,586,,,108,162,1,1.0,1.0
688,0.261,0.327,0.392,1975,CLE,AL,703,,,79,159,0,,
570,0.249,0.301,0.366,1975,DET,AL,786,,,57,159,0,,
664,0.254,0.32,0.359,1975,HOU,NL,711,,,64,162,0,,
710,0.261,0.333,0.394,1975,KCR,AL,649,,,91,162,0,,
648,0.248,0.325,0.365,1975,LAD,NL,534,,,88,162,0,,
675,0.25,0.32,0.389,1975,MIL,AL,792,,,68,162,0,,
724,0.271,0.341,0.386,1975,MIN,AL,736,,,76,159,0,,
601,0.244,0.317,0.348,1975,MON,NL,690,,,75,162,0,,
646,0.256,0.319,0.361,1975,NYM,NL,625,,,82,162,0,,
681,0.264,0.325,0.382,1975,NYY,AL,588,,,83,160,0,,
758,0.254,0.333,0.391,1975,OAK,AL,606,,,98,162,1,2.0,3.0
735,0.269,0.342,0.402,1975,PHI,NL,694,,,86,162,0,,
712,0.263,0.323,0.402,1975,PIT,NL,565,,,92,161,1,4.0,3.0
552,0.244,0.31,0.335,1975,SDP,NL,683,,,71,162,0,,
659,0.259,0.333,0.365,1975,SFG,NL,671,,,80,161,0,,
662,0.273,0.327,0.375,1975,STL,NL,689,,,82,163,0,,
714,0.256,0.33,0.371,1975,TEX,AL,733,,,79,162,0,,
661,0.249,0.319,0.363,1974,ATL,NL,563,,,88,163,0,,
659,0.256,0.322,0.37,1974,BAL,AL,612,,,91,162,1,2.0,3.0
696,0.264,0.333,0.377,1974,BOS,AL,661,,,84,162,0,,
618,0.254,0.321,0.356,1974,CAL,AL,657,,,68,163,0,,
669,0.251,0.327,0.365,1974,CHC,NL,826,,,66,162,0,,
684,0.268,0.33,0.389,1974,CHW,AL,721,,,80,163,0,,
776,0.26,0.343,0.394,1974,CIN,NL,631,,,98,163,0,,
662,0.255,0.311,0.37,1974,CLE,AL,694,,,77,162,0,,
620,0.247,0.303,0.366,1974,DET,AL,768,,,72,162,0,,
653,0.263,0.322,0.378,1974,HOU,NL,632,,,81,162,0,,
667,0.259,0.327,0.364,1974,KCR,AL,662,,,77,162,0,,
798,0.272,0.342,0.401,1974,LAD,NL,561,,,102,162,1,1.0,2.0
647,0.244,0.309,0.369,1974,MIL,AL,660,,,76,162,0,,
673,0.272,0.336,0.378,1974,MIN,AL,669,,,82,163,0,,
662,0.254,0.335,0.35,1974,MON,NL,657,,,79,161,0,,
572,0.235,0.311,0.329,1974,NYM,NL,646,,,71,162,0,,
671,0.263,0.324,0.368,1974,NYY,AL,623,,,89,162,0,,
689,0.247,0.321,0.373,1974,OAK,AL,551,,,90,162,1,3.0,1.0
676,0.261,0.32,0.373,1974,PHI,NL,701,,,80,162,0,,
751,0.274,0.335,0.391,1974,PIT,NL,657,,,88,162,1,4.0,3.0
541,0.229,0.302,0.33,1974,SDP,NL,830,,,60,162,0,,
634,0.252,0.322,0.358,1974,SFG,NL,723,,,72,162,0,,
677,0.265,0.331,0.365,1974,STL,NL,643,,,86,161,0,,
690,0.272,0.336,0.377,1974,TEX,AL,698,,,83,161,0,,
799,0.266,0.339,0.427,1973,ATL,NL,774,,,76,162,0,,
754,0.266,0.345,0.389,1973,BAL,AL,561,,,97,162,1,2.0,3.0
738,0.267,0.338,0.401,1973,BOS,AL,647,,,89,162,0,,
629,0.253,0.318,0.348,1973,CAL,AL,657,,,79,162,0,,
614,0.247,0.32,0.357,1973,CHC,NL,655,,,77,161,0,,
652,0.256,0.324,0.372,1973,CHW,AL,705,,,77,162,0,,
741,0.254,0.332,0.383,1973,CIN,NL,621,,,99,162,1,1.0,3.0
680,0.256,0.315,0.387,1973,CLE,AL,826,,,71,162,0,,
642,0.254,0.32,0.39,1973,DET,AL,674,,,85,162,0,,
681,0.251,0.312,0.376,1973,HOU,NL,672,,,82,162,0,,
755,0.261,0.339,0.381,1973,KCR,AL,752,,,88,162,0,,
675,0.263,0.323,0.371,1973,LAD,NL,565,,,95,162,0,,
708,0.253,0.325,0.388,1973,MIL,AL,731,,,74,162,0,,
738,0.27,0.342,0.393,1973,MIN,AL,692,,,81,162,0,,
668,0.251,0.34,0.364,1973,MON,NL,702,,,79,162,0,,
608,0.246,0.315,0.338,1973,NYM,NL,588,,,82,161,1,4.0,2.0
641,0.261,0.322,0.378,1973,NYY,AL,610,,,80,162,0,,
758,0.26,0.333,0.389,1973,OAK,AL,615,,,94,162,1,3.0,1.0
642,0.249,0.31,0.371,1973,PHI,NL,717,,,71,162,0,,
704,0.261,0.315,0.405,1973,PIT,NL,693,,,80,162,0,,
548,0.244,0.296,0.351,1973,SDP,NL,770,,,60,162,0,,
739,0.262,0.335,0.407,1973,SFG,NL,702,,,88,162,0,,
643,0.259,0.325,0.357,1973,STL,NL,603,,,81,162,0,,
619,0.255,0.318,0.361,1973,TEX,AL,844,,,57,162,0,,
643,0.257,0.312,0.385,1971,ATL,NL,699,,,82,162,0,,
742,0.261,0.347,0.398,1971,BAL,AL,530,,,101,158,1,1.0,2.0
691,0.252,0.322,0.397,1971,BOS,AL,667,,,85,162,0,,
511,0.231,0.29,0.329,1971,CAL,AL,576,,,76,162,0,,
637,0.258,0.325,0.378,1971,CHC,NL,648,,,83,162,0,,
617,0.25,0.325,0.373,1971,CHW,AL,597,,,79,162,0,,
586,0.241,0.3,0.366,1971,CIN,NL,581,,,79,162,0,,
543,0.238,0.3,0.342,1971,CLE,AL,747,,,60,162,0,,
701,0.254,0.325,0.405,1971,DET,AL,645,,,91,162,0,,
585,0.24,0.302,0.34,1971,HOU,NL,567,,,79,162,0,,
603,0.25,0.313,0.353,1971,KCR,AL,566,,,85,161,0,,
663,0.266,0.325,0.37,1971,LAD,NL,587,,,89,162,0,,
534,0.229,0.304,0.329,1971,MIL,AL,609,,,69,161,0,,
654,0.26,0.323,0.372,1971,MIN,AL,670,,,74,160,0,,
622,0.246,0.322,0.343,1971,MON,NL,729,,,71,162,0,,
588,0.249,0.319,0.351,1971,NYM,NL,550,,,83,162,0,,
648,0.254,0.328,0.36,1971,NYY,AL,641,,,81,162,0,,
691,0.252,0.321,0.384,1971,OAK,AL,564,,,101,161,1,1.0,3.0
558,0.233,0.298,0.35,1971,PHI,NL,688,,,67,162,0,,
788,0.274,0.33,0.416,1971,PIT,NL,599,,,97,162,1,2.0,1.0
486,0.233,0.293,0.332,1971,SDP,NL,610,,,61,161,0,,
706,0.247,0.329,0.378,1971,SFG,NL,644,,,90,162,1,3.0,3.0
739,0.275,0.338,0.385,1971,STL,NL,699,,,90,163,0,,
537,0.23,0.307,0.326,1971,WSA,AL,660,,,63,159,0,,
736,0.27,0.334,0.404,1970,ATL,NL,772,,,76,162,0,,
792,0.257,0.344,0.401,1970,BAL,AL,574,,,108,162,1,1.0,1.0
786,0.262,0.335,0.428,1970,BOS,AL,722,,,87,162,0,,
631,0.251,0.309,0.363,1970,CAL,AL,630,,,86,162,0,,
806,0.259,0.333,0.415,1970,CHC,NL,679,,,84,162,0,,
633,0.253,0.315,0.362,1970,CHW,AL,822,,,56,162,0,,
775,0.27,0.336,0.436,1970,CIN,NL,681,,,102,162,1,2.0,2.0
649,0.249,0.314,0.394,1970,CLE,AL,675,,,76,162,0,,
666,0.238,0.322,0.374,1970,DET,AL,731,,,79,162,0,,
744,0.259,0.332,0.391,1970,HOU,NL,763,,,79,162,0,,
611,0.244,0.309,0.348,1970,KCR,AL,705,,,65,162,0,,
749,0.27,0.334,0.382,1970,LAD,NL,684,,,87,161,0,,
613,0.242,0.319,0.358,1970,MIL,AL,751,,,65,163,0,,
744,0.262,0.327,0.403,1970,MIN,AL,605,,,98,162,1,3.0,3.0
687,0.237,0.323,0.365,1970,MON,NL,807,,,73,162,0,,
695,0.249,0.333,0.37,1970,NYM,NL,630,,,83,162,0,,
680,0.251,0.324,0.365,1970,NYY,AL,612,,,93,163,0,,
678,0.249,0.325,0.392,1970,OAK,AL,593,,,89,162,0,,
594,0.238,0.305,0.356,1970,PHI,NL,730,,,73,161,0,,
729,0.27,0.325,0.406,1970,PIT,NL,664,,,89,162,1,4.0,3.0
681,0.246,0.312,0.391,1970,SDP,NL,788,,,63,162,0,,
831,0.262,0.351,0.409,1970,SFG,NL,826,,,86,162,0,,
744,0.263,0.331,0.379,1970,STL,NL,747,,,76,162,0,,
626,0.238,0.321,0.358,1970,WSA,AL,689,,,70,162,0,,
691,0.258,0.321,0.38,1969,ATL,NL,631,,,93,162,1,4.0,3.0
779,0.265,0.343,0.414,1969,BAL,AL,517,,,109,162,1,1.0,2.0
743,0.251,0.333,0.415,1969,BOS,AL,736,,,87,162,0,,
528,0.23,0.3,0.319,1969,CAL,AL,652,,,71,163,0,,
720,0.253,0.323,0.384,1969,CHC,NL,611,,,92,163,0,,
625,0.247,0.32,0.357,1969,CHW,AL,723,,,68,162,0,,
798,0.277,0.335,0.422,1969,CIN,NL,768,,,89,163,0,,
573,0.237,0.307,0.345,1969,CLE,AL,717,,,62,161,0,,
701,0.242,0.316,0.387,1969,DET,AL,601,,,90,162,0,,
676,0.24,0.33,0.352,1969,HOU,NL,668,,,81,162,0,,
586,0.24,0.309,0.338,1969,KCR,AL,688,,,69,163,0,,
645,0.254,0.315,0.359,1969,LAD,NL,561,,,85,162,0,,
790,0.268,0.34,0.408,1969,MIN,AL,618,,,97,162,1,3.0,3.0
582,0.24,0.31,0.359,1969,MON,NL,791,,,52,162,0,,
632,0.242,0.311,0.351,1969,NYM,NL,541,,,100,162,1,2.0,1.0
562,0.235,0.308,0.344,1969,NYY,AL,587,,,80,162,0,,
740,0.249,0.329,0.376,1969,OAK,AL,678,,,88,162,0,,
645,0.241,0.312,0.372,1969,PHI,NL,745,,,63,162,0,,
725,0.277,0.334,0.398,1969,PIT,NL,652,,,88,162,0,,
468,0.225,0.285,0.329,1969,SDP,NL,746,,,52,162,0,,
639,0.234,0.316,0.346,1969,SEP,AL,799,,,64,163,0,,
713,0.242,0.334,0.361,1969,SFG,NL,636,,,90,162,0,,
595,0.253,0.316,0.359,1969,STL,NL,540,,,87,162,0,,
694,0.251,0.33,0.378,1969,WSA,AL,644,,,86,162,0,,
514,0.252,0.307,0.339,1968,ATL,NL,549,,,81,163,0,,
579,0.225,0.304,0.352,1968,BAL,AL,497,,,91,162,0,,
614,0.236,0.313,0.352,1968,BOS,AL,611,,,86,162,0,,
498,0.227,0.291,0.318,1968,CAL,AL,615,,,67,162,0,,
612,0.242,0.298,0.366,1968,CHC,NL,611,,,84,163,0,,
463,0.228,0.284,0.311,1968,CHW,AL,527,,,67,162,0,,
690,0.273,0.32,0.389,1968,CIN,NL,673,,,83,163,0,,
516,0.234,0.293,0.327,1968,CLE,AL,504,,,86,162,0,,
671,0.235,0.307,0.385,1968,DET,AL,492,,,103,164,1,1.0,1.0
510,0.231,0.298,0.317,1968,HOU,NL,588,,,72,162,0,,
470,0.23,0.289,0.319,1968,LAD,NL,509,,,76,162,0,,
562,0.237,0.299,0.35,1968,MIN,AL,546,,,79,162,0,,
473,0.228,0.281,0.315,1968,NYM,NL,499,,,73,163,0,,
536,0.214,0.292,0.318,1968,NYY,AL,531,,,83,164,0,,
569,0.24,0.304,0.343,1968,OAK,AL,544,,,82,163,0,,
543,0.233,0.294,0.333,1968,PHI,NL,615,,,76,162,0,,
583,0.252,0.306,0.343,1968,PIT,NL,532,,,80,163,0,,
599,0.239,0.307,0.341,1968,SFG,NL,529,,,88,163,0,,
583,0.249,0.298,0.346,1968,STL,NL,472,,,97,162,1,2.0,2.0
524,0.224,0.287,0.336,1968,WSA,AL,665,,,65,161,0,,
631,0.24,0.307,0.372,1967,ATL,NL,640,,,77,162,0,,
654,0.24,0.31,0.372,1967,BAL,AL,592,,,76,161,0,,
722,0.255,0.321,0.395,1967,BOS,AL,614,,,92,162,1,2.0,2.0
567,0.238,0.301,0.349,1967,CAL,AL,587,,,84,161,0,,
702,0.251,0.316,0.378,1967,CHC,NL,624,,,87,162,0,,
531,0.225,0.291,0.32,1967,CHW,AL,491,,,89,162,0,,
604,0.248,0.297,0.372,1967,CIN,NL,563,,,87,162,0,,
559,0.235,0.293,0.359,1967,CLE,AL,613,,,75,162,0,,
683,0.243,0.325,0.376,1967,DET,AL,587,,,91,163,0,,
626,0.249,0.317,0.364,1967,HOU,NL,742,,,69,162,0,,
533,0.233,0.296,0.33,1967,KCA,AL,660,,,62,161,0,,
519,0.236,0.301,0.332,1967,LAD,NL,595,,,73,162,0,,
671,0.24,0.309,0.369,1967,MIN,AL,590,,,91,164,0,,
498,0.238,0.288,0.325,1967,NYM,NL,672,,,61,162,0,,
522,0.225,0.296,0.317,1967,NYY,AL,621,,,72,163,0,,
612,0.242,0.313,0.357,1967,PHI,NL,581,,,82,162,0,,
679,0.277,0.324,0.38,1967,PIT,NL,693,,,81,163,0,,
652,0.245,0.313,0.372,1967,SFG,NL,551,,,91,162,0,,
695,0.263,0.32,0.379,1967,STL,NL,557,,,101,161,1,1.0,1.0
550,0.223,0.288,0.326,1967,WSA,AL,637,,,76,161,0,,
782,0.263,0.326,0.424,1966,ATL,NL,683,,,85,163,0,,
755,0.258,0.324,0.409,1966,BAL,AL,601,,,97,160,1,1.0,1.0
655,0.24,0.31,0.376,1966,BOS,AL,731,,,72,162,0,,
604,0.232,0.303,0.354,1966,CAL,AL,643,,,80,162,0,,
644,0.254,0.313,0.38,1966,CHC,NL,809,,,59,162,0,,
574,0.231,0.297,0.331,1966,CHW,AL,517,,,83,163,0,,
692,0.26,0.309,0.395,1966,CIN,NL,702,,,76,160,0,,
574,0.237,0.297,0.36,1966,CLE,AL,586,,,81,162,0,,
719,0.251,0.321,0.406,1966,DET,AL,698,,,88,162,0,,
612,0.255,0.318,0.365,1966,HOU,NL,695,,,72,163,0,,
564,0.236,0.294,0.337,1966,KCA,AL,648,,,74,160,0,,
606,0.256,0.314,0.362,1966,LAD,NL,490,,,95,162,1,2.0,2.0
663,0.249,0.316,0.382,1966,MIN,AL,581,,,89,162,0,,
587,0.239,0.301,0.342,1966,NYM,NL,761,,,66,161,0,,
611,0.235,0.299,0.374,1966,NYY,AL,612,,,70,160,0,,
696,0.258,0.322,0.378,1966,PHI,NL,640,,,87,162,0,,
759,0.279,0.329,0.428,1966,PIT,NL,641,,,92,162,0,,
675,0.248,0.303,0.392,1966,SFG,NL,626,,,93,161,0,,
571,0.251,0.298,0.368,1966,STL,NL,577,,,83,162,0,,
557,0.234,0.295,0.355,1966,WSA,AL,659,,,71,159,0,,
641,0.238,0.307,0.363,1965,BAL,AL,578,,,94,162,0,,
669,0.251,0.327,0.4,1965,BOS,AL,791,,,62,162,0,,
527,0.239,0.297,0.341,1965,CAL,AL,569,,,75,162,0,,
635,0.238,0.307,0.358,1965,CHC,NL,723,,,72,164,0,,
647,0.246,0.315,0.364,1965,CHW,AL,555,,,95,162,0,,
825,0.273,0.339,0.439,1965,CIN,NL,704,,,89,162,0,,
663,0.25,0.315,0.379,1965,CLE,AL,613,,,87,162,0,,
680,0.238,0.312,0.374,1965,DET,AL,602,,,89,162,0,,
569,0.237,0.305,0.34,1965,HOU,NL,711,,,65,162,0,,
585,0.24,0.309,0.358,1965,KCA,AL,755,,,59,162,0,,
608,0.245,0.312,0.335,1965,LAD,NL,521,,,97,162,1,2.0,1.0
774,0.254,0.324,0.399,1965,MIN,AL,600,,,102,162,1,1.0,2.0
708,0.256,0.31,0.416,1965,MLN,NL,633,,,86,162,0,,
495,0.221,0.277,0.327,1965,NYM,NL,752,,,50,164,0,,
611,0.235,0.299,0.364,1965,NYY,AL,604,,,77,162,0,,
654,0.25,0.313,0.384,1965,PHI,NL,667,,,85,162,0,,
675,0.265,0.317,0.382,1965,PIT,NL,580,,,90,163,0,,
682,0.252,0.313,0.385,1965,SFG,NL,593,,,95,163,0,,
707,0.254,0.314,0.371,1965,STL,NL,674,,,80,162,0,,
591,0.228,0.304,0.35,1965,WSA,AL,721,,,70,162,0,,
679,0.248,0.316,0.387,1964,BAL,AL,567,,,97,163,0,,
688,0.258,0.322,0.416,1964,BOS,AL,793,,,72,162,0,,
649,0.251,0.314,0.39,1964,CHC,NL,724,,,76,162,0,,
642,0.247,0.32,0.353,1964,CHW,AL,501,,,98,162,0,,
660,0.249,0.308,0.372,1964,CIN,NL,566,,,92,163,0,,
689,0.247,0.312,0.38,1964,CLE,AL,693,,,79,164,0,,
699,0.253,0.319,0.395,1964,DET,AL,678,,,85,163,0,,
495,0.229,0.285,0.315,1964,HOU,NL,628,,,66,162,0,,
621,0.239,0.311,0.379,1964,KCA,AL,836,,,57,163,0,,
544,0.242,0.304,0.344,1964,LAA,AL,551,,,82,162,0,,
614,0.25,0.305,0.34,1964,LAD,NL,572,,,80,164,0,,
737,0.252,0.322,0.427,1964,MIN,AL,678,,,79,163,0,,
803,0.272,0.333,0.418,1964,MLN,NL,744,,,88,162,0,,
569,0.246,0.296,0.348,1964,NYM,NL,776,,,53,163,0,,
730,0.253,0.317,0.387,1964,NYY,AL,577,,,99,164,1,1.0,2.0
693,0.258,0.315,0.391,1964,PHI,NL,632,,,92,162,0,,
663,0.264,0.315,0.389,1964,PIT,NL,636,,,80,162,0,,
656,0.246,0.31,0.382,1964,SFG,NL,587,,,90,162,0,,
715,0.272,0.324,0.392,1964,STL,NL,652,,,93,162,1,2.0,1.0
578,0.231,0.299,0.348,1964,WSA,AL,733,,,62,162,0,,
644,0.249,0.31,0.38,1963,BAL,AL,621,,,86,162,0,,
666,0.252,0.312,0.4,1963,BOS,AL,704,,,76,161,0,,
570,0.238,0.297,0.363,1963,CHC,NL,578,,,82,162,0,,
683,0.25,0.323,0.365,1963,CHW,AL,544,,,94,162,0,,
648,0.246,0.31,0.371,1963,CIN,NL,594,,,86,162,0,,
635,0.239,0.301,0.381,1963,CLE,AL,702,,,79,162,0,,
700,0.252,0.327,0.382,1963,DET,AL,703,,,79,162,0,,
464,0.22,0.283,0.301,1963,HOU,NL,640,,,66,162,0,,
615,0.247,0.313,0.353,1963,KCA,AL,704,,,73,162,0,,
597,0.25,0.309,0.354,1963,LAA,AL,660,,,70,161,0,,
640,0.251,0.309,0.357,1963,LAD,NL,550,,,99,163,1,2.0,1.0
767,0.255,0.325,0.43,1963,MIN,AL,602,,,91,161,0,,
677,0.244,0.312,0.37,1963,MLN,NL,603,,,84,163,0,,
501,0.219,0.285,0.315,1963,NYM,NL,774,,,51,162,0,,
714,0.252,0.309,0.403,1963,NYY,AL,547,,,104,161,1,1.0,2.0
642,0.252,0.306,0.381,1963,PHI,NL,578,,,87,162,0,,
567,0.25,0.309,0.359,1963,PIT,NL,595,,,74,162,0,,
725,0.258,0.316,0.414,1963,SFG,NL,641,,,88,162,0,,
747,0.271,0.326,0.403,1963,STL,NL,628,,,93,162,0,,
578,0.227,0.293,0.351,1963,WSA,AL,812,,,56,162,0,,
652,0.248,0.314,0.387,1962,BAL,AL,680,,,77,162,0,,
707,0.258,0.324,0.403,1962,BOS,AL,756,,,76,160,0,,
632,0.253,0.317,0.377,1962,CHC,NL,827,,,59,162,0,,
707,0.257,0.334,0.372,1962,CHW,AL,658,,,85,162,0,,
802,0.27,0.332,0.417,1962,CIN,NL,685,,,98,162,0,,
682,0.245,0.312,0.388,1962,CLE,AL,745,,,80,162,0,,
758,0.248,0.33,0.411,1962,DET,AL,692,,,85,161,0,,
592,0.246,0.31,0.351,1962,HOU,NL,717,,,64,162,0,,
745,0.263,0.332,0.386,1962,KCA,AL,837,,,72,162,0,,
718,0.25,0.325,0.38,1962,LAA,AL,706,,,86,162,0,,
842,0.268,0.337,0.4,1962,LAD,NL,697,,,102,165,0,,
798,0.26,0.338,0.412,1962,MIN,AL,713,,,91,163,0,,
730,0.252,0.326,0.403,1962,MLN,NL,665,,,86,162,0,,
617,0.24,0.318,0.361,1962,NYM,NL,948,,,40,161,0,,
817,0.267,0.337,0.426,1962,NYY,AL,680,,,96,162,1,2.0,1.0
705,0.26,0.33,0.39,1962,PHI,NL,759,,,81,161,0,,
706,0.268,0.321,0.394,1962,PIT,NL,626,,,93,161,0,,
878,0.278,0.341,0.441,1962,SFG,NL,690,,,103,165,1,1.0,2.0
774,0.271,0.335,0.394,1962,STL,NL,664,,,84,163,0,,
599,0.25,0.308,0.373,1962,WSA,AL,716,,,60,162,0,,