Tm,RA/G,PAu,G,PA,AB,R,H,2B,3B,HR,SB,CS,BB,SO,BA,OBP,SLG,OPS,BAbip,TB,GDP,HBP,SH,SF,IBB,ROE,Year
Arizona Diamondbacks,4.29,,162,6338,5692,695,1460,299,26,176,48,22,485,1218,.257,.320,.411,.731,.296,2339,120,60,64,37,42,40,2013
Atlanta Braves,3.38,,162,5989,5443,548,1326,259,24,127,79,32,409,1232,.244,.301,.370,.671,.292,2014,115,51,57,28,35,48,2013
Baltimore Orioles,4.38,,162,6144,5543,709,1438,283,22,202,63,32,473,1169,.259,.321,.428,.749,.293,2371,147,50,33,43,32,38,2013
Boston Red Sox,4.05,,162,6143,5509,656,1366,281,26,156,133,43,524,1294,.248,.316,.393,.710,.295,2167,118,47,21,42,10,44,2013
Chicago Cubs,4.25,,162,6149,5448,689,1332,301,33,160,107,42,540,1184,.244,.318,.400,.718,.283,2179,106,62,62,35,43,60,2013
Chicago White Sox,4.46,,162,6214,5564,723,1424,256,22,182,102,35,509,1249,.256,.322,.408,.730,.297,2270,129,60,33,48,24,68,2013
Cincinnati Reds,3.64,,162,6077,5478,589,1294,252,25,170,70,35,435,1296,.236,.298,.384,.683,.278,2106,120,66,62,36,28,45,2013
Cleveland Indians,4.09,,162,6154,5467,662,1359,267,21,147,84,31,554,1379,.249,.322,.386,.708,.305,2109,118,58,38,36,26,52,2013
Colorado Rockies,4.69,,162,6248,5586,760,1545,348,32,136,89,33,517,1064,.277,.340,.423,.763,.318,2365,139,40,59,46,52,48,2013
Detroit Tigers,3.85,,162,6119,5539,624,1369,259,28,128,128,29,462,1428,.247,.308,.373,.681,.308,2068,117,42,33,42,29,34,2013
Houston Astros,5.23,,162,6370,5620,848,1530,314,41,191,98,37,616,1084,.272,.347,.445,.792,.305,2499,145,56,31,46,32,65,2013
Kansas City Royals,3.71,,162,6049,5467,601,1366,238,24,155,77,36,469,1208,.250,.311,.387,.699,.292,2117,120,41,25,47,21,44,2013
Los Angeles Angels of Anaheim,4.55,,162,6298,5646,737,1475,286,21,167,131,35,533,1200,.261,.328,.408,.736,.303,2304,118,45,37,35,36,54,2013
Los Angeles Dodgers,3.59,,162,6032,5434,582,1321,243,18,127,63,40,460,1292,.243,.306,.365,.670,.295,1981,137,43,64,29,44,70,2013
Miami Marlins,3.99,,162,6166,5483,646,1376,270,48,121,90,37,526,1177,.251,.319,.384,.703,.297,2105,125,47,63,46,58,41,2013
Milwaukee Brewers,4.24,,162,6100,5484,687,1401,215,17,175,99,30,466,1125,.255,.317,.397,.713,.290,2175,125,43,64,40,29,66,2013
Minnesota Twins,4.86,,162,6257,5679,788,1591,310,30,168,73,38,458,985,.280,.336,.434,.770,.311,2465,147,44,27,49,31,48,2013
New York Mets,4.22,,162,6249,5623,684,1442,272,19,152,87,29,458,1209,.256,.316,.393,.709,.299,2208,116,54,66,48,38,56,2013
New York Yankees,4.14,,162,6128,5563,671,1452,303,14,171,72,30,437,1233,.261,.318,.413,.731,.305,2296,117,51,29,46,34,37,2013
Oakland Athletics,3.86,,162,6069,5529,625,1339,229,19,163,87,27,428,1183,.242,.299,.379,.678,.278,2095,96,35,35,42,23,62,2013
Philadelphia Phillies,4.62,,162,6213,5538,749,1465,308,36,152,114,35,506,1199,.265,.331,.415,.746,.310,2301,122,62,63,43,33,61,2013
Pittsburgh Pirates,3.56,,162,6147,5468,577,1299,223,19,101,95,43,515,1261,.238,.309,.341,.650,.289,1863,134,70,54,40,26,62,2013
San Diego Padres,4.32,,162,6179,5511,700,1407,270,38,156,107,43,525,1171,.255,.322,.403,.725,.296,2221,106,40,64,39,31,41,2013
Seattle Mariners,4.65,,162,6257,5658,754,1467,315,27,174,89,30,478,1297,.259,.319,.417,.736,.305,2358,128,42,31,47,48,54,2013
San Francisco Giants,4.27,,162,6163,5491,691,1380,277,25,145,95,41,521,1256,.251,.320,.390,.710,.299,2142,112,50,61,38,64,54,2013
St. Louis Cardinals,3.68,,162,6104,5494,596,1366,263,29,112,39,26,451,1254,.249,.311,.368,.680,.301,2023,160,64,63,32,26,46,2013
Tampa Bay Rays,3.96,,163,6083,5482,646,1315,254,30,153,119,33,482,1310,.240,.305,.381,.686,.286,2088,120,52,25,42,38,30,2013
Texas Rangers,3.90,,163,6146,5526,636,1370,261,19,157,73,34,498,1309,.248,.313,.387,.701,.296,2140,129,48,30,44,35,48,2013
Toronto Blue Jays,4.67,,162,6250,5608,756,1451,304,25,195,87,29,500,1208,.259,.324,.426,.750,.295,2390,125,65,28,47,33,65,2013
Washington Nationals,3.86,,162,6038,5497,626,1367,262,14,142,95,20,405,1236,.249,.305,.379,.683,.296,2083,121,48,61,26,17,68,2013
League Average,4.17,,162,6162,5536,675,1403,274,26,155,90,34,488,1224,.253,.318,.396,.714,.297,2195,124,51,46,41,34,52,2013
Tm,RA/G,PAu,G,PA,AB,R,H,2B,3B,HR,SB,CS,BB,SO,BA,OBP,SLG,OPS,BAbip,TB,GDP,HBP,SH,SF,IBB,ROE,2013
,4.17,,4862,184873,166070,20255,42093,8222,772,4661,2693,1007,14640,36710,.253,.318,.396,.714,.297,65842,3732,1536,1383,1219,1018,1549,2013
Arizona Diamondbacks,4.58,,162,6162,5533,742,1467,296,34,154,75,34,469,1278,.265,.326,.414,.740,.316,2293,121,51,59,49,43,47,2014
Atlanta Braves,3.69,,162,6087,5464,597,1369,244,22,121,100,29,472,1301,.251,.312,.370,.682,.306,2020,128,37,70,43,36,44,2014
Baltimore Orioles,3.66,,162,6104,5507,593,1342,268,20,151,84,32,472,1174,.244,.308,.382,.690,.282,2103,127,59,30,35,25,53,2014
Boston Red Sox,4.41,,162,6231,5618,715,1458,316,32,154,87,33,482,1213,.260,.321,.409,.730,.303,2300,129,47,36,48,19,51,2014
Chicago Cubs,4.36,,162,6208,5557,707,1398,296,24,115,114,38,504,1311,.252,.318,.376,.694,.308,2087,114,55,55,36,37,55,2014
Chicago White Sox,4.68,,162,6255,5544,758,1468,272,31,140,93,32,557,1152,.265,.337,.401,.738,.309,2222,152,69,37,48,42,65,2014
Cincinnati Reds,3.78,,162,6067,5402,612,1282,260,18,163,71,38,507,1290,.237,.309,.383,.691,.281,2067,99,69,51,38,33,40,2014
Cleveland Indians,4.03,,162,6193,5598,653,1398,290,32,135,95,44,464,1450,.250,.312,.385,.697,.312,2157,116,58,33,40,51,69,2014
Colorado Rockies,5.05,,162,6248,5540,818,1528,320,43,173,85,16,531,1074,.276,.342,.443,.784,.311,2453,143,54,59,62,32,41,2014
Detroit Tigers,4.35,,162,6191,5619,705,1475,316,42,127,111,51,462,1244,.263,.321,.401,.723,.314,2256,131,42,26,41,34,55,2014
Houston Astros,4.46,,162,6154,5519,723,1437,274,30,139,109,32,484,1137,.260,.323,.396,.719,.302,2188,133,52,36,59,32,62,2014
Kansas City Royals,3.85,,162,6101,5534,624,1386,254,31,128,69,29,440,1168,.250,.310,.377,.687,.294,2086,107,56,26,45,14,56,2014
Los Angeles Angels of Anaheim,3.89,,162,6179,5533,630,1307,228,14,126,106,39,504,1342,.236,.305,.351,.656,.287,1941,113,63,29,49,41,41,2014
Los Angeles Dodgers,3.81,,162,6075,5519,617,1338,262,24,142,86,38,429,1373,.242,.300,.376,.676,.296,2074,124,41,49,34,35,65,2014
Miami Marlins,4.16,,162,6217,5605,674,1481,283,40,114,109,34,458,1190,.264,.323,.390,.713,.315,2186,130,49,66,39,35,53,2014
Milwaukee Brewers,4.06,,162,6106,5547,657,1386,249,22,167,96,35,431,1246,.250,.307,.393,.700,.293,2180,110,42,54,30,20,54,2014
Minnesota Twins,4.80,,162,6212,5665,777,1588,319,38,147,100,22,408,1031,.280,.330,.428,.758,.317,2424,120,45,30,63,24,52,2014
New York Mets,3.81,,162,6170,5534,618,1370,261,31,141,85,25,509,1303,.248,.315,.382,.698,.299,2116,139,50,52,25,38,59,2014
New York Yankees,4.10,,162,6114,5568,664,1392,258,29,164,77,38,398,1370,.250,.305,.395,.700,.301,2200,87,65,38,45,23,58,2014
Oakland Athletics,3.53,,162,5972,5451,572,1269,210,11,147,100,28,406,1244,.233,.290,.356,.646,.274,1942,130,48,34,32,28,62,2014
Philadelphia Phillies,4.24,,162,6261,5546,687,1396,284,32,134,115,46,521,1255,.252,.321,.387,.708,.300,2146,110,69,77,48,43,51,2014
Pittsburgh Pirates,3.90,,162,6130,5429,631,1341,235,26,128,107,49,499,1228,.247,.318,.371,.689,.295,2012,131,88,72,42,43,58,2014
San Diego Padres,3.56,,162,6006,5391,577,1300,258,21,117,116,40,462,1284,.241,.304,.362,.666,.294,1951,100,46,65,40,32,50,2014
Seattle Mariners,3.42,,162,5974,5389,554,1240,227,21,137,92,35,463,1317,.230,.295,.356,.652,.277,1920,116,52,30,40,36,39,2014
San Francisco Giants,3.79,,162,5947,5412,614,1305,266,48,133,107,47,389,1211,.241,.297,.382,.679,.285,2066,132,57,51,38,35,56,2014
St. Louis Cardinals,3.72,,162,6069,5453,603,1321,253,26,123,54,29,470,1221,.242,.308,.366,.674,.289,1995,130,61,51,34,35,59,2014
Tampa Bay Rays,3.86,,162,6131,5518,625,1292,236,18,145,82,26,482,1437,.234,.300,.362,.662,.288,1999,79,58,27,45,27,45,2014
Texas Rangers,4.77,,162,6195,5555,773,1510,329,29,160,85,36,505,1110,.272,.336,.428,.764,.311,2377,129,61,24,49,43,55,2014
Toronto Blue Jays,4.23,,162,6150,5530,686,1400,331,32,151,94,24,490,1199,.253,.318,.407,.724,.295,2248,113,57,25,48,23,50,2014
Washington Nationals,3.43,,162,6020,5534,555,1351,242,28,110,60,36,352,1288,.244,.294,.358,.651,.298,1979,116,51,51,32,26,52,2014
League Average,4.07,,162,6131,5520,659,1386,271,28,140,92,34,467,1248,.251,.314,.386,.700,.299,2133,120,55,45,43,33,53,2014
Tm,RA/G,PAu,G,PA,AB,R,H,2B,3B,HR,SB,CS,BB,SO,BA,OBP,SLG,OPS,BAbip,TB,GDP,HBP,SH,SF,IBB,ROE,2014
,4.07,,4860,183929,165614,19761,41595,8137,849,4186,2764,1035,14020,37441,.251,.314,.386,.700,.299,63988,3609,1652,1343,1277,985,1597,2014
Arizona Diamondbacks,4.40,,162,6257,5617,713,1450,318,30,182,73,28,500,1215,.258,.322,.423,.744,.297,2374,125,48,44,46,45,54,2015
Atlanta Braves,4.69,,162,6156,5449,760,1462,285,33,170,84,33,550,1148,.268,.339,.426,.765,.309,2323,165,53,56,46,45,54,2015
Baltimore Orioles,4.28,,162,6085,5479,693,1406,317,23,174,62,29,483,1233,.257,.321,.418,.739,.299,2291,116,54,24,44,27,42,2015
Boston Red Sox,4.65,,162,6225,5623,753,1486,299,32,178,75,38,478,1218,.264,.327,.424,.751,.307,2383,126,62,23,37,17,58,2015
Chicago Cubs,3.75,,162,5997,5476,608,1276,286,37,134,137,38,407,1431,.233,.290,.372,.662,.290,2038,98,46,36,30,38,66,2015
Chicago White Sox,4.33,,162,6181,5558,701,1443,272,39,162,75,30,474,1359,.260,.322,.410,.733,.314,2279,134,62,42,43,34,58,2015
Cincinnati Reds,4.65,,162,6271,5562,754,1436,317,25,177,100,31,544,1252,.258,.328,.420,.748,.301,2334,117,58,62,45,42,56,2015
Cleveland Indians,3.98,,161,5904,5373,640,1274,254,31,161,71,39,425,1407,.237,.297,.386,.683,.290,2073,119,48,26,32,27,44,2015
Colorado Rockies,5.21,,162,6308,5583,844,1579,363,41,183,92,35,579,1112,.283,.353,.461,.814,.323,2573,153,48,57,40,42,52,2015
Detroit Tigers,4.99,,161,6188,5565,803,1491,280,60,193,72,43,489,1100,.268,.330,.444,.774,.301,2470,137,46,44,44,32,53,2015
Houston Astros,3.81,,162,5965,5434,618,1308,252,37,148,87,27,423,1280,.241,.299,.382,.681,.287,2078,108,43,27,38,17,49,2015
Kansas City Royals,3.96,,162,6112,5499,641,1372,262,39,155,75,35,489,1160,.249,.314,.396,.710,.288,2177,114,52,28,44,10,42,2015
Los Angeles Angels of Anaheim,4.17,,162,6096,5467,675,1355,273,19,166,93,43,466,1221,.248,.313,.396,.708,.288,2164,91,71,42,50,45,60,2015
Los Angeles Dodgers,3.67,,162,5932,5433,595,1317,229,20,145,85,42,395,1396,.242,.297,.372,.669,.299,2021,114,38,37,29,32,46,2015
Miami Marlins,4.19,,162,6050,5385,678,1374,278,29,141,74,25,508,1152,.255,.322,.396,.718,.297,2133,145,52,50,55,25,37,2015
Milwaukee Brewers,4.55,,162,6148,5484,737,1432,287,33,176,104,46,517,1260,.261,.329,.422,.750,.307,2313,135,55,48,42,36,56,2015
Minnesota Twins,4.32,,162,6139,5600,700,1506,295,25,163,93,22,413,1046,.269,.321,.418,.739,.303,2340,131,41,42,43,34,53,2015
New York Mets,3.78,,162,6046,5515,613,1341,235,23,152,75,26,383,1337,.243,.296,.377,.672,.292,2078,114,44,63,40,43,58,2015
New York Yankees,4.31,,162,6191,5590,698,1416,260,25,182,71,36,474,1370,.253,.316,.406,.722,.303,2272,113,56,31,39,16,54,2015
Oakland Athletics,4.50,,162,6128,5520,729,1402,266,13,172,78,40,474,1179,.254,.316,.400,.716,.291,2210,130,47,34,53,19,77,2015
Philadelphia Phillies,4.99,,162,6332,5691,809,1592,300,33,191,79,32,488,1153,.280,.341,.445,.786,.319,2531,123,61,47,42,37,68,2015
Pittsburgh Pirates,3.68,,162,6215,5615,596,1392,257,24,110,144,43,453,1338,.248,.311,.361,.672,.305,2027,154,75,38,33,38,73,2015
San Diego Padres,4.51,,162,6093,5440,731,1371,268,50,171,122,60,516,1393,.252,.321,.414,.735,.307,2252,119,54,44,38,35,50,2015
Seattle Mariners,4.48,,162,6223,5590,726,1430,285,23,181,65,40,491,1283,.256,.322,.412,.734,.300,2304,127,70,32,37,41,55,2015
San Francisco Giants,3.87,,162,6009,5463,627,1344,246,51,155,82,32,431,1165,.246,.305,.395,.700,.285,2157,130,50,31,34,28,40,2015
St. Louis Cardinals,3.24,,162,6134,5517,525,1359,240,26,123,54,29,477,1329,.246,.310,.366,.676,.302,2020,134,45,66,29,37,55,2015
Tampa Bay Rays,3.96,,162,6069,5477,642,1314,232,19,175,88,44,477,1355,.240,.304,.385,.689,.286,2109,94,46,27,40,23,55,2015
Texas Rangers,4.52,,162,6215,5567,733,1459,280,40,171,82,25,508,1095,.262,.328,.419,.747,.296,2332,143,63,22,51,29,70,2015
Toronto Blue Jays,4.14,,162,5984,5452,670,1353,267,30,173,60,41,397,1117,.248,.304,.403,.707,.280,2199,128,59,25,49,20,54,2015
Washington Nationals,3.92,,162,5975,5464,635,1366,239,29,145,53,32,364,1342,.250,.301,.384,.685,.304,2098,102,55,52,39,37,49,2015
League Average,4.25,,162,6121,5516,688,1404,275,31,164,84,35,469,1248,.254,.317,.405,.721,.299,2232,125,53,40,41,32,55,2015
Tm,RA/G,PAu,G,PA,AB,R,H,2B,3B,HR,SB,CS,BB,SO,BA,OBP,SLG,OPS,BAbip,TB,GDP,HBP,SH,SF,IBB,ROE,2015
,4.25,,4858,183628,165488,20647,42106,8242,939,4909,2505,1064,14073,37446,.254,.317,.405,.721,.299,66953,3739,1602,1200,1232,951,1638,2015
Arizona Diamondbacks,5.49,,162,6437,5693,890,1563,337,38,202,63,35,603,1318,.275,.348,.454,.801,.323,2582,125,57,42,42,57,55,2016
Atlanta Braves,4.84,,161,6250,5531,779,1414,263,47,177,132,25,547,1227,.256,.328,.416,.744,.296,2302,106,70,52,50,55,59,2016
Baltimore Orioles,4.41,,162,6122,5467,715,1408,309,18,183,69,37,545,1248,.258,.328,.421,.750,.301,2302,145,51,17,38,23,46,2016
Boston Red Sox,4.28,,162,6073,5459,694,1342,251,23,176,59,33,490,1362,.246,.314,.397,.711,.295,2167,117,65,24,35,16,47,2016
Chicago Cubs,3.43,,162,5933,5309,556,1125,205,15,163,133,38,495,1441,.212,.285,.348,.633,.257,1849,98,63,31,35,24,54,2016
Chicago White Sox,4.41,,162,6196,5524,715,1422,290,25,185,89,20,521,1270,.257,.326,.419,.746,.300,2317,123,68,29,49,30,46,2016
Cincinnati Reds,5.27,,162,6348,5543,854,1457,261,18,258,108,45,636,1241,.263,.345,.456,.801,.294,2528,118,78,54,35,31,59,2016
Cleveland Indians,4.20,,161,6033,5480,676,1330,287,27,186,51,32,461,1398,.243,.304,.407,.711,.291,2229,103,34,27,31,34,54,2016
Colorado Rockies,5.31,,162,6289,5583,860,1532,312,51,181,100,31,547,1223,.274,.345,.446,.790,.321,2489,128,70,49,36,38,54,2016
Detroit Tigers,4.48,,161,6048,5457,721,1417,250,42,182,71,39,462,1232,.260,.320,.421,.741,.302,2297,129,51,25,53,25,34,2016
Houston Astros,4.33,,162,6180,5637,701,1441,320,42,181,67,31,453,1396,.256,.314,.424,.737,.308,2388,113,39,18,31,19,46,2016
Kansas City Royals,4.40,,162,6182,5535,712,1433,248,21,206,55,42,517,1287,.259,.327,.423,.750,.301,2341,117,60,30,39,8,51,2016
Los Angeles Angels,4.49,,162,6120,5495,727,1480,275,20,208,93,47,498,1136,.269,.334,.440,.774,.303,2419,126,56,22,48,27,51,2016
Los Angeles Dodgers,3.94,,162,6014,5430,638,1266,225,26,165,87,36,464,1510,.233,.298,.375,.674,.291,2038,84,53,35,30,51,38,2016
Miami Marlins,4.24,,161,6164,5408,682,1358,256,31,152,76,38,595,1379,.251,.329,.394,.724,.307,2132,119,61,48,50,62,39,2016
Milwaukee Brewers,4.52,,162,6188,5509,733,1450,293,36,178,92,59,532,1175,.263,.333,.426,.760,.303,2349,122,66,40,41,33,72,2016
Minnesota Twins,5.49,,162,6314,5722,889,1617,326,30,221,78,20,479,1191,.283,.340,.466,.806,.320,2666,155,41,26,46,26,67,2016
New York Mets,3.81,,162,6067,5494,617,1397,258,29,152,135,45,439,1396,.254,.311,.395,.706,.312,2169,117,35,55,44,39,58,2016
New York Yankees,4.33,,162,6023,5478,702,1358,279,22,214,86,31,444,1393,.248,.310,.424,.734,.294,2323,100,57,21,22,15,48,2016
Oakland Athletics,4.70,,162,6144,5558,761,1459,277,26,185,75,22,464,1188,.263,.322,.422,.744,.301,2343,125,50,21,49,28,62,2016
Philadelphia Phillies,4.91,,162,6164,5540,796,1468,308,33,213,70,32,466,1299,.265,.325,.448,.773,.307,2481,120,51,49,55,30,53,2016
Pittsburgh Pirates,4.68,,162,6292,5579,758,1490,322,40,180,102,28,533,1232,.267,.336,.436,.772,.311,2432,150,68,64,46,28,69,2016
San Diego Padres,4.75,,162,6228,5533,770,1425,275,44,183,98,29,569,1222,.258,.330,.422,.753,.298,2337,147,53,27,42,44,63,2016
Seattle Mariners,4.36,,162,6147,5573,707,1410,273,23,213,81,32,460,1318,.253,.314,.425,.739,.294,2368,135,55,23,36,30,60,2016
San Francisco Giants,3.90,,162,6049,5488,631,1334,262,42,158,71,35,439,1309,.243,.303,.392,.695,.290,2154,120,46,41,34,30,44,2016
St. Louis Cardinals,4.40,,162,6164,5553,712,1432,278,22,159,85,26,475,1290,.258,.320,.402,.722,.307,2231,149,52,38,46,35,69,2016
Tampa Bay Rays,4.40,,162,6076,5470,713,1395,233,9,210,91,31,491,1357,.255,.318,.416,.734,.300,2276,109,32,33,47,25,49,2016
Texas Rangers,4.67,,162,6186,5537,757,1441,260,22,201,82,33,534,1154,.260,.329,.424,.753,.293,2348,168,53,19,43,16,58,2016
Toronto Blue Jays,4.11,,162,6113,5546,666,1340,269,24,183,84,20,461,1314,.242,.305,.398,.703,.283,2206,127,59,13,33,10,51,2016
Washington Nationals,3.78,,162,6036,5430,612,1272,252,27,155,54,29,468,1476,.234,.300,.376,.677,.292,2043,124,57,52,28,43,45,2016
League Average,4.48,,162,6153,5519,725,1409,275,29,187,85,33,503,1299,.255,.322,.417,.739,.300,2304,124,55,34,40,31,53,2016
Tm,RA/G,PAu,G,PA,AB,R,H,2B,3B,HR,SB,CS,BB,SO,BA,OBP,SLG,OPS,BAbip,TB,GDP,HBP,SH,SF,IBB,ROE,2016
,4.48,,4856,184580,165561,21744,42276,8254,873,5610,2537,1001,15088,38982,.255,.322,.417,.739,.300,69106,3719,1651,1025,1214,932,1601,2016
Arizona Diamondbacks,4.07,,162,6072,5443,659,1309,276,34,171,69,32,516,1482,.240,.309,.398,.707,.297,2166,125,38,36,37,45,65,2017
Atlanta Braves,5.07,,162,6306,5563,821,1463,326,36,192,99,30,584,1258,.263,.339,.438,.777,.306,2437,118,70,53,36,39,50,2017
Baltimore Orioles,5.19,,162,6293,5589,841,1505,293,17,242,77,34,579,1233,.269,.342,.458,.799,.303,2558,150,60,17,48,21,48,2017
Boston Red Sox,4.12,,162,6217,5647,668,1384,278,23,195,61,39,465,1580,.245,.306,.406,.712,.304,2293,116,49,16,40,18,56,2017
Chicago Cubs,4.29,,162,6108,5430,695,1294,250,17,194,121,35,554,1439,.238,.315,.398,.713,.288,2160,119,66,28,29,29,52,2017
Chicago White Sox,5.06,,162,6200,5445,820,1384,275,32,242,120,26,632,1193,.254,.337,.450,.787,.282,2449,139,68,14,39,36,73,2017
Cincinnati Reds,5.36,,162,6286,5475,869,1442,315,22,248,79,42,631,1300,.263,.345,.465,.810,.300,2545,107,77,52,49,37,49,2017
Cleveland Indians,3.48,,162,5866,5378,564,1267,262,12,163,50,37,406,1614,.236,.294,.380,.673,.305,2042,139,45,16,20,15,45,2017
Colorado Rockies,4.67,,162,6177,5500,757,1453,290,50,190,67,27,532,1270,.264,.332,.439,.771,.309,2413,143,50,49,44,20,36,2017
Detroit Tigers,5.52,,162,6298,5621,894,1587,290,35,218,85,37,538,1202,.282,.348,.463,.811,.321,2601,129,61,15,62,42,44,2017
Houston Astros,4.32,,162,6111,5476,700,1314,293,23,192,102,14,522,1593,.240,.313,.407,.720,.302,2229,133,70,17,20,17,52,2017
Kansas City Royals,4.88,,162,6218,5580,791,1480,274,40,196,87,30,519,1216,.265,.331,.434,.765,.305,2422,127,52,21,46,24,49,2017
Los Angeles Angels,4.38,,162,6030,5460,709,1373,265,17,224,71,43,470,1312,.251,.314,.429,.744,.291,2344,114,44,24,30,25,39,2017
Los Angeles Dodgers,3.58,,162,5925,5380,580,1226,229,20,184,68,28,442,1549,.228,.290,.380,.671,.284,2047,109,40,39,22,33,55,2017
Miami Marlins,5.07,,162,6318,5514,822,1450,280,37,193,67,30,627,1202,.263,.344,.432,.776,.302,2383,132,75,59,43,59,37,2017
Milwaukee Brewers,4.30,,162,6164,5479,697,1381,276,29,185,99,32,553,1346,.252,.326,.414,.741,.301,2270,145,64,39,29,45,60,2017
Minnesota Twins,4.86,,162,6205,5587,788,1487,282,26,224,75,29,483,1166,.266,.330,.446,.776,.298,2493,126,69,23,42,37,43,2017
New York Mets,5.33,,162,6378,5628,863,1538,278,23,220,102,29,593,1374,.273,.345,.448,.794,.322,2522,112,55,49,53,51,61,2017
New York Yankees,4.07,,162,6078,5468,660,1248,243,12,192,65,26,504,1560,.228,.298,.382,.680,.282,2091,85,53,18,31,18,54,2017
Oakland Athletics,5.10,,162,6167,5537,826,1444,300,28,210,111,42,502,1202,.261,.327,.439,.765,.296,2430,126,61,17,46,17,77,2017
Philadelphia Phillies,4.83,,162,6235,5560,782,1471,296,28,221,91,30,527,1309,.265,.333,.447,.780,.307,2486,119,63,37,47,39,37,2017
Pittsburgh Pirates,4.51,,162,6208,5555,731,1464,320,31,182,95,28,511,1262,.264,.330,.431,.761,.310,2392,133,58,53,29,32,58,2017
San Diego Padres,5.04,,162,6169,5473,816,1417,275,23,226,76,34,554,1325,.259,.333,.441,.775,.301,2416,156,75,32,35,28,62,2017
Seattle Mariners,4.77,,162,6132,5502,772,1399,262,12,237,80,26,490,1244,.254,.318,.435,.754,.285,2396,125,53,24,60,28,61,2017
San Francisco Giants,4.79,,162,6287,5650,776,1515,297,58,182,73,37,496,1234,.268,.331,.438,.768,.312,2474,116,50,51,39,42,50,2017
St. Louis Cardinals,4.35,,162,6153,5507,705,1393,262,31,183,54,32,493,1351,.253,.320,.411,.731,.301,2266,145,67,40,45,50,55,2017
Tampa Bay Rays,4.35,,162,6099,5482,704,1324,270,17,193,83,22,503,1352,.242,.309,.403,.711,.285,2207,113,48,26,38,37,57,2017
Texas Rangers,5.04,,162,6211,5526,816,1443,287,13,214,87,28,559,1107,.261,.335,.434,.769,.290,2398,156,74,11,40,22,62,2017
Toronto Blue Jays,4.84,,162,6316,5666,784,1460,310,26,203,119,26,549,1372,.258,.326,.429,.756,.304,2431,128,48,14,38,25,53,2017
Washington Nationals,4.15,,162,6068,5446,672,1300,243,23,189,94,29,495,1457,.239,.308,.396,.703,.290,2156,119,60,35,31,39,44,2017
League Average,4.65,,162,6176,5519,753,1407,280,26,204,84,31,528,1337,.255,.324,.426,.750,.300,2351,127,59,31,39,32,53,2017
Tm,RA/G,PAu,G,PA,AB,R,H,2B,3B,HR,SB,CS,BB,SO,BA,OBP,SLG,OPS,BAbip,TB,GDP,HBP,SH,SF,IBB,ROE,2017
,4.65,,4860,185295,165567,22582,42215,8397,795,6105,2527,934,15829,40104,.255,.324,.426,.750,.300,70517,3804,1763,925,1168,970,1584,2017
Arizona Diamondbacks,3.98,,162,6139,5495,644,1313,259,19,174,66,27,522,1448,.239,.310,.388,.698,.292,2132,136,57,29,34,43,43,2018
Atlanta Braves,4.06,,162,6155,5393,657,1236,248,26,153,102,28,635,1423,.229,.314,.370,.684,.281,1995,113,52,39,35,43,44,2018
Baltimore Orioles,5.51,,162,6340,5625,892,1552,325,34,234,89,42,589,1203,.276,.349,.471,.820,.312,2647,130,67,17,42,29,56,2018
Boston Red Sox,3.99,,162,6166,5515,647,1305,246,35,176,64,30,512,1558,.237,.309,.390,.698,.295,2149,88,84,9,46,8,43,2018
Chicago Cubs,3.96,,163,6264,5500,645,1319,221,28,157,84,40,622,1333,.240,.323,.376,.698,.287,2067,137,66,39,35,33,53,2018
Chicago White Sox,5.23,,162,6339,5531,848,1404,292,24,196,133,39,653,1259,.254,.340,.422,.761,.293,2332,100,89,18,47,25,62,2018
Cincinnati Reds,5.06,,162,6279,5605,819,1491,291,27,228,83,24,532,1258,.266,.332,.450,.782,.303,2520,118,50,43,48,60,63,2018
Cleveland Indians,4.00,,162,6071,5566,648,1349,311,23,200,81,29,407,1544,.242,.300,.414,.714,.299,2306,98,59,16,21,29,47,2018
Colorado Rockies,4.57,,163,6154,5501,745,1377,268,48,184,92,25,525,1409,.250,.319,.417,.736,.302,2293,137,52,25,47,24,40,2018
Detroit Tigers,4.91,,162,6130,5505,796,1423,278,34,216,79,37,491,1215,.258,.323,.439,.762,.292,2417,100,60,16,57,20,58,2018
Houston Astros,3.30,,162,5913,5365,534,1164,257,21,152,60,25,435,1687,.217,.282,.358,.640,.284,1919,95,66,12,34,4,34,2018
Kansas City Royals,5.14,,162,6284,5603,833,1542,271,36,205,60,33,549,1157,.275,.342,.446,.788,.311,2500,121,51,23,57,28,43,2018
Los Angeles Angels,4.46,,162,6108,5445,722,1353,256,19,205,46,33,546,1386,.248,.322,.415,.738,.295,2262,147,65,14,35,17,44,2018
Los Angeles Dodgers,3.74,,163,6096,5562,610,1279,242,25,179,70,25,422,1565,.230,.290,.379,.669,.286,2108,91,61,25,23,39,61,2018
Miami Marlins,5.02,,161,6236,5472,809,1388,309,23,192,60,42,605,1249,.254,.333,.424,.757,.293,2319,115,71,38,48,73,40,2018
Milwaukee Brewers,4.04,,163,6114,5415,659,1259,239,40,173,69,39,553,1428,.233,.309,.387,.696,.282,2097,113,61,42,41,34,53,2018
Minnesota Twins,4.78,,162,6287,5560,775,1425,280,26,198,85,29,573,1377,.256,.332,.423,.755,.304,2351,110,80,25,49,34,49,2018
New York Mets,4.36,,162,6178,5541,707,1364,241,24,185,134,36,484,1446,.246,.313,.398,.711,.298,2208,104,71,42,40,32,55,2018
New York Yankees,4.13,,162,6141,5543,669,1311,293,13,177,88,31,494,1634,.237,.304,.390,.694,.302,2161,82,58,17,29,9,48,2018
Oakland Athletics,4.16,,162,6099,5517,674,1303,268,19,184,98,46,474,1237,.236,.301,.392,.693,.271,2161,110,53,23,30,19,55,2018
Philadelphia Phillies,4.49,,162,6138,5490,728,1366,292,32,171,100,35,500,1465,.249,.316,.407,.723,.306,2235,119,60,39,45,35,65,2018
Pittsburgh Pirates,4.30,,161,6144,5506,693,1380,287,26,174,72,36,497,1336,.251,.319,.407,.726,.299,2241,98,69,37,35,43,67,2018
San Diego Padres,4.73,,162,6254,5591,767,1430,283,32,185,88,30,519,1399,.256,.324,.417,.742,.308,2332,114,68,36,39,28,45,2018
Seattle Mariners,4.39,,162,6073,5545,711,1396,289,23,195,66,26,400,1328,.252,.308,.418,.726,.296,2316,131,72,12,42,21,56,2018
San Francisco Giants,4.31,,162,6191,5525,699,1387,291,42,156,93,31,524,1269,.251,.318,.404,.722,.297,2230,139,45,49,48,37,65,2018
St. Louis Cardinals,4.27,,162,6271,5506,691,1354,242,26,144,47,13,593,1337,.246,.324,.378,.702,.297,2080,129,67,55,50,49,78,2018
Tampa Bay Rays,3.99,,162,5992,5382,646,1236,262,20,164,78,27,501,1421,.230,.300,.377,.677,.279,2030,121,53,16,39,34,48,2018
Texas Rangers,5.23,,162,6231,5597,848,1516,325,44,222,76,18,491,1121,.271,.335,.464,.798,.301,2595,146,72,20,50,23,74,2018
Toronto Blue Jays,5.14,,162,6265,5578,832,1476,325,32,208,136,39,551,1298,.265,.335,.446,.782,.308,2489,117,67,18,48,19,55,2018
Washington Nationals,4.21,,162,6087,5453,682,1320,273,26,198,75,43,487,1417,.242,.311,.411,.721,.289,2239,98,76,29,41,37,36,2018
League Average,4.45,,162,6171,5514,721,1367,275,28,186,82,32,523,1374,.248,.318,.409,.728,.296,2258,115,64,27,41,31,53,2018
Tm,RA/G,PAu,G,PA,AB,R,H,2B,3B,HR,SB,CS,BB,SO,BA,OBP,SLG,OPS,BAbip,TB,GDP,HBP,SH,SF,IBB,ROE,2018
,4.45,,4862,185139,165432,21630,41018,8264,847,5585,2474,958,15686,41207,.248,.318,.409,.728,.296,67731,3457,1922,823,1235,929,1580,2018
Arizona Diamondbacks,4.59,,162,6230,5568,743,1400,289,29,220,47,31,516,1427,.251,.320,.432,.752,.298,2407,113,62,39,39,38,41,2019
Atlanta Braves,4.59,,162,6243,5557,743,1421,253,23,203,76,20,548,1393,.256,.329,.419,.748,.305,2329,134,69,39,27,33,42,2019
Baltimore Orioles,6.06,,162,6396,5697,981,1544,311,31,305,82,25,561,1248,.271,.342,.497,.839,.296,2832,134,80,10,46,11,59,2019
Boston Red Sox,5.11,,162,6400,5660,828,1423,319,26,215,70,31,605,1633,.251,.330,.431,.761,.314,2439,97,76,18,38,22,47,2019
Chicago Cubs,4.43,,162,6190,5492,717,1376,265,25,195,91,25,534,1444,.251,.323,.414,.738,.303,2276,133,80,29,49,16,55,2019
Chicago White Sox,5.17,,161,6159,5466,832,1438,278,19,238,76,26,582,1312,.263,.337,.452,.789,.303,2468,149,51,20,38,30,63,2019
Cincinnati Reds,4.39,,162,6057,5395,711,1270,260,19,214,88,26,536,1552,.235,.310,.410,.719,.289,2210,105,58,36,31,31,44,2019
Cleveland Indians,4.06,,162,6008,5449,657,1308,315,20,207,53,28,450,1508,.240,.304,.419,.723,.293,2284,89,62,17,30,19,43,2019
Colorado Rockies,5.91,,162,6423,5692,958,1576,325,44,270,75,30,589,1264,.277,.348,.492,.840,.311,2799,139,57,42,43,33,57,2019
Detroit Tigers,5.68,,161,6341,5664,915,1555,315,44,250,97,37,536,1368,.275,.342,.478,.820,.319,2708,107,69,25,46,24,59,2019
Houston Astros,3.95,,162,5995,5461,640,1205,233,21,230,75,17,448,1671,.221,.283,.397,.681,.272,2170,83,41,11,30,0,34,2019
Kansas City Royals,5.36,,162,6307,5576,869,1525,299,28,221,57,27,582,1230,.273,.348,.456,.804,.312,2543,133,81,18,49,25,42,2019
Los Angeles Angels,5.36,,162,6289,5575,868,1417,284,28,267,99,35,576,1404,.254,.331,.459,.789,.291,2558,106,82,12,43,11,50,2019
Los Angeles Dodgers,3.78,,162,5913,5387,613,1201,239,24,185,63,17,392,1519,.223,.282,.379,.661,.273,2043,106,66,30,36,24,60,2019
Miami Marlins,4.99,,162,6247,5473,808,1340,281,27,236,57,24,615,1378,.245,.329,.435,.764,.283,2383,113,90,29,39,52,45,2019
Milwaukee Brewers,4.73,,162,6251,5542,766,1364,247,36,225,94,34,570,1497,.246,.321,.425,.747,.296,2358,108,60,43,34,28,54,2019
Minnesota Twins,4.65,,162,6246,5671,754,1456,282,23,198,71,16,452,1463,.257,.316,.419,.736,.311,2378,107,61,20,40,10,59,2019
New York Mets,4.55,,162,6232,5601,737,1405,287,19,204,139,22,500,1520,.251,.317,.418,.735,.307,2342,116,60,35,35,40,53,2019
New York Yankees,4.56,,162,6133,5535,739,1374,277,18,248,71,24,507,1534,.248,.314,.439,.754,.297,2431,119,44,7,36,12,48,2019
Oakland Athletics,4.20,,162,6153,5541,680,1342,249,23,201,83,41,477,1299,.242,.308,.404,.712,.279,2240,114,66,25,42,19,49,2019
Philadelphia Phillies,4.90,,162,6274,5571,794,1452,249,23,258,66,50,546,1392,.261,.332,.453,.785,.301,2521,116,71,46,40,38,58,2019
Pittsburgh Pirates,5.62,,162,6391,5648,911,1511,351,34,241,71,29,584,1443,.268,.343,.470,.813,.318,2653,114,85,34,36,22,61,2019
San Diego Padres,4.87,,162,6160,5551,789,1394,302,22,215,58,18,463,1475,.251,.315,.430,.744,.303,2385,86,68,43,35,19,57,2019
Seattle Mariners,5.51,,162,6268,5652,893,1484,336,24,260,83,26,505,1239,.263,.326,.469,.795,.291,2648,132,51,12,46,25,77,2019
San Francisco Giants,4.77,,162,6256,5597,773,1395,244,37,227,88,33,519,1368,.249,.318,.428,.746,.289,2394,124,65,41,33,26,55,2019
St. Louis Cardinals,4.09,,162,6068,5389,662,1284,246,19,191,34,19,545,1399,.238,.314,.397,.711,.285,2141,139,69,27,38,41,39,2019
Tampa Bay Rays,4.05,,162,6086,5531,656,1274,264,26,181,75,35,453,1621,.230,.294,.386,.680,.291,2133,107,60,11,28,27,52,2019
Texas Rangers,5.42,,162,6354,5629,878,1515,310,32,241,81,26,583,1379,.269,.342,.464,.806,.314,2612,131,70,19,50,11,54,2019
Toronto Blue Jays,5.11,,162,6313,5590,828,1450,340,23,228,74,36,604,1332,.259,.337,.451,.788,.301,2520,111,69,11,36,25,54,2019
Washington Nationals,4.47,,162,6134,5491,724,1340,281,18,202,86,24,517,1511,.244,.314,.412,.726,.298,2263,98,61,27,37,41,49,2019
League Average,4.83,,162,6217,5555,782,1401,284,26,226,76,28,530,1427,.252,.323,.435,.758,.298,2416,115,66,26,38,25,52,2019
Tm,RA/G,PAu,G,PA,AB,R,H,2B,3B,HR,SB,CS,BB,SO,BA,OBP,SLG,OPS,BAbip,TB,GDP,HBP,SH,SF,IBB,ROE,2019
,4.83,,4858,186517,166651,23467,42039,8531,785,6776,2280,832,15895,42823,.252,.323,.435,.758,.298,72468,3463,1984,776,1150,753,1560,2019
Arizona Diamondbacks,4.92,,60,2279,2003,295,506,118,11,93,40,8,235,524,.253,.336,.462,.798,.295,925,51,23,4,13,20,22,2020
Atlanta Braves,4.80,,60,2276,2000,288,494,94,10,69,42,5,220,506,.247,.329,.408,.737,.295,815,45,33,6,17,13,15,2020
Baltimore Orioles,4.90,,60,2246,1991,294,489,93,10,79,23,8,192,487,.246,.319,.421,.741,.283,839,39,34,4,23,2,23,2020
Boston Red Sox,5.85,,60,2389,2091,351,587,118,7,98,33,13,252,537,.281,.365,.484,.849,.334,1013,50,31,5,10,4,30,2020
Chicago Cubs,4.00,,60,2153,1939,240,451,90,6,74,22,11,182,523,.233,.302,.400,.702,.279,775,41,17,3,11,7,13,2020
Chicago White Sox,4.10,,60,2235,1980,246,448,83,3,71,16,10,217,523,.226,.309,.379,.688,.271,750,44,23,5,7,6,24,2020
Cincinnati Reds,4.05,,60,2125,1867,243,401,77,10,67,23,11,213,615,.215,.303,.374,.677,.279,699,33,29,2,14,6,18,2020
Cleveland Indians,3.48,,60,2176,1971,209,440,83,9,68,17,14,157,621,.223,.288,.378,.666,.287,745,41,27,4,13,8,12,2020
Colorado Rockies,5.88,,60,2335,2067,353,579,119,19,83,29,6,205,393,.280,.353,.477,.830,.308,985,66,40,4,19,5,17,2020
Detroit Tigers,5.48,,58,2174,1927,318,511,97,7,91,40,9,192,444,.265,.340,.464,.804,.299,895,38,34,5,15,2,14,2020
Houston Astros,4.58,,60,2239,1972,275,472,96,12,70,28,9,217,526,.239,.322,.407,.729,.289,802,43,29,8,13,7,4,2020
Kansas City Royals,4.53,,60,2233,1971,272,500,80,5,76,17,3,211,517,.254,.332,.415,.747,.304,818,55,29,4,18,7,15,2020
Los Angeles Angels,5.35,,60,2256,2011,321,492,106,10,82,50,17,199,523,.245,.316,.430,.746,.287,864,29,21,3,21,8,21,2020
Los Angeles Dodgers,3.55,,60,2172,1988,213,424,69,7,66,36,10,145,517,.213,.272,.355,.627,.253,705,41,21,6,12,4,22,2020
Miami Marlins,5.07,,60,2214,1941,304,506,117,7,82,31,10,226,451,.261,.343,.455,.798,.298,883,55,26,4,17,14,19,2020
Milwaukee Brewers,4.40,,60,2186,1949,264,446,83,10,67,26,14,189,614,.229,.307,.385,.692,.297,750,37,35,2,10,1,16,2020
Minnesota Twins,3.58,,60,2130,1927,215,448,73,5,62,33,10,170,535,.232,.301,.372,.673,.288,717,33,21,1,8,0,8,2020
New York Mets,5.13,,60,2262,2002,308,511,113,5,81,41,8,219,574,.255,.336,.438,.774,.317,877,33,29,4,8,7,16,2020
New York Yankees,4.50,,60,2133,1927,270,455,95,6,83,22,10,168,528,.236,.305,.421,.726,.282,811,29,25,4,5,5,22,2020
Oakland Athletics,3.87,,60,2164,1964,232,471,85,3,69,23,10,165,506,.240,.302,.392,.693,.286,769,29,15,4,15,6,12,2020
Philadelphia Phillies,5.18,,60,2197,1971,311,550,117,8,80,23,7,185,532,.279,.348,.468,.816,.344,923,46,28,4,9,12,13,2020
Pittsburgh Pirates,4.97,,60,2227,1918,298,451,100,3,80,27,13,249,536,.235,.332,.416,.747,.281,797,40,37,2,18,3,17,2020
San Diego Padres,4.02,,60,2160,1952,241,456,81,6,70,23,12,170,565,.234,.301,.389,.689,.290,759,41,22,4,12,2,10,2020
Seattle Mariners,5.05,,60,2249,1966,303,482,97,10,79,44,5,230,469,.245,.333,.425,.758,.281,836,41,37,0,15,7,14,2020
San Francisco Giants,4.95,,60,2240,1968,297,474,97,14,69,36,13,210,488,.241,.322,.410,.731,.283,806,37,34,5,19,2,22,2020
St. Louis Cardinals,3.95,,58,1989,1739,229,376,70,4,69,8,7,204,464,.216,.306,.380,.686,.252,661,41,26,3,14,8,19,2020
Tampa Bay Rays,3.82,,60,2212,1995,229,475,83,6,70,27,13,168,552,.238,.305,.391,.696,.293,780,43,29,9,10,4,15,2020
Texas Rangers,5.20,,60,2273,1981,312,479,83,13,81,27,7,236,489,.242,.329,.419,.749,.279,831,34,30,8,17,3,21,2020
Toronto Blue Jays,5.20,,60,2309,2027,312,517,105,9,81,32,10,250,519,.255,.339,.436,.775,.303,883,42,14,6,12,7,18,2020
Washington Nationals,5.02,,60,2273,2025,301,548,101,6,94,46,9,216,508,.271,.346,.466,.812,.317,943,40,22,3,7,22,24,2020
League Average,4.65,,60,2217,1968,278,481,94,8,77,30,10,203,520,.245,.322,.418,.740,.292,822,41,27,4,13,7,17,2020
Tm,RA/G,PAu,G,PA,AB,R,H,2B,3B,HR,SB,CS,BB,SO,BA,OBP,SLG,OPS,BAbip,TB,GDP,HBP,SH,SF,IBB,ROE,2020
,4.65,,1796,66506,59030,8344,14439,2823,241,2304,885,292,6092,15586,.245,.322,.418,.740,.292,24656,1237,821,126,402,202,516,2020
Arizona Diamondbacks,5.51,,162,6270,5546,893,1480,327,45,232,73,29,555,1238,.267,.339,.468,.807,.303,2593,97,75,44,47,45,51,2021
Atlanta Braves,4.07,,161,5944,5279,656,1237,243,21,183,74,23,516,1417,.234,.308,.392,.700,.283,2071,99,66,39,42,34,27,2021
Baltimore Orioles,5.90,,162,6252,5562,956,1518,291,24,258,53,27,563,1234,.273,.344,.473,.817,.306,2631,89,68,13,46,12,36,2021
Boston Red Sox,4.62,,162,6147,5470,749,1409,306,20,176,92,22,546,1527,.258,.332,.417,.749,.324,2283,120,79,12,40,31,46,2021
Chicago Cubs,5.18,,162,6202,5431,839,1386,283,14,235,93,21,596,1358,.255,.338,.442,.780,.297,2402,129,98,37,36,25,51,2021
Chicago White Sox,3.93,,162,5861,5260,636,1205,199,26,182,119,24,485,1588,.229,.298,.381,.679,.289,2002,100,51,15,44,16,37,2021
Cincinnati Reds,4.69,,162,6199,5440,760,1330,261,30,206,77,25,617,1524,.244,.327,.417,.744,.300,2269,106,64,41,35,30,38,2021
Cleveland Indians,4.49,,162,5968,5337,727,1281,266,16,216,63,23,522,1391,.240,.313,.417,.730,.283,2227,123,59,15,32,12,37,2021
Colorado Rockies,4.94,,161,6044,5377,796,1397,291,31,196,65,27,539,1269,.260,.332,.435,.767,.304,2338,127,63,28,36,19,35,2021
Detroit Tigers,4.67,,162,6164,5447,756,1370,259,28,199,67,32,571,1259,.252,.329,.419,.748,.290,2282,119,82,15,47,10,40,2021
Houston Astros,4.06,,162,6060,5389,658,1231,236,14,187,56,26,549,1456,.228,.306,.382,.688,.276,2056,107,70,21,31,12,34,2021
Kansas City Royals,4.86,,162,6127,5414,788,1375,259,24,189,41,24,591,1344,.254,.332,.415,.747,.302,2249,130,62,9,50,16,45,2021
Los Angeles Angels,4.96,,162,6196,5475,804,1373,283,13,188,85,18,592,1453,.251,.330,.410,.740,.306,2246,119,76,13,38,18,43,2021
Los Angeles Dodgers,3.46,,162,5948,5335,561,1107,227,9,161,108,34,486,1599,.207,.280,.344,.624,.263,1835,84,63,36,24,43,54,2021
Miami Marlins,4.33,,162,6027,5330,701,1282,305,31,162,61,23,529,1381,.241,.317,.401,.718,.292,2135,125,88,35,44,43,68,2021
Milwaukee Brewers,3.85,,162,5990,5300,623,1156,200,18,168,91,30,537,1618,.218,.298,.358,.655,.278,1896,92,77,39,34,19,43,2021
Minnesota Twins,5.15,,162,6080,5460,834,1392,301,22,239,80,26,484,1317,.255,.320,.449,.769,.292,2454,113,62,21,50,13,49,2021
New York Mets,4.12,,162,5785,5175,668,1221,240,19,190,66,33,475,1453,.236,.307,.400,.707,.289,2069,107,70,27,33,21,40,2021
New York Yankees,4.13,,162,5999,5386,669,1243,232,15,196,86,17,492,1569,.231,.299,.389,.688,.286,2093,99,56,16,46,10,39,2021
Oakland Athletics,4.24,,162,6060,5508,687,1362,247,18,191,65,22,439,1332,.247,.309,.403,.711,.292,2218,102,64,17,29,11,27,2021
Philadelphia Phillies,4.60,,162,6055,5418,745,1321,265,28,200,51,15,509,1480,.244,.316,.414,.730,.298,2242,124,75,34,19,37,54,2021
Pittsburgh Pirates,5.14,,162,6140,5379,833,1400,298,32,213,66,19,606,1312,.260,.341,.446,.787,.304,2401,121,78,29,48,26,32,2021
San Diego Padres,4.37,,162,6056,5380,708,1277,273,21,205,88,18,516,1517,.237,.312,.410,.722,.290,2207,123,87,33,39,33,41,2021
Seattle Mariners,4.62,,162,6106,5490,748,1356,288,26,197,91,17,485,1328,.247,.314,.417,.730,.289,2287,120,69,17,42,23,32,2021
San Francisco Giants,3.67,,162,6002,5452,594,1254,239,29,151,53,20,416,1425,.230,.291,.368,.658,.282,2004,106,63,36,32,20,49,2021
St. Louis Cardinals,4.15,,162,6046,5281,672,1234,252,17,152,43,23,608,1225,.234,.320,.374,.695,.274,1976,113,85,33,39,30,33,2021
Tampa Bay Rays,4.02,,162,5998,5454,651,1264,244,23,184,69,22,436,1478,.232,.294,.386,.680,.282,2106,110,55,19,34,27,38,2021
Texas Rangers,5.03,,162,6103,5468,815,1402,249,19,232,74,17,513,1239,.256,.325,.436,.761,.290,2385,120,61,17,41,11,38,2021
Toronto Blue Jays,4.09,,162,5916,5337,663,1257,248,19,209,73,22,473,1468,.236,.305,.407,.712,.284,2170,108,75,7,24,10,50,2021
Washington Nationals,5.06,,162,6073,5361,820,1364,251,19,247,90,32,548,1346,.254,.329,.447,.776,.293,2394,96,71,48,41,46,53,2021
League Average,4.53,,162,6061,5398,734,1316,262,22,198,74,24,526,1405,.244,.317,.411,.728,.292,2217,111,70,26,38,23,42,2021
Tm,RA/G,PAu,G,PA,AB,R,H,2B,3B,HR,SB,CS,BB,SO,BA,OBP,SLG,OPS,BAbip,TB,GDP,HBP,SH,SF,IBB,ROE,2021
,4.53,,4858,181818,161941,22010,39484,7863,671,5944,2213,711,15794,42145,.244,.317,.411,.728,.292,66521,3328,2112,766,1143,703,1260,2021
Arizona Diamondbacks,4.57,,162,6065,5445,740,1345,290,22,191,84,32,504,1216,.247,.315,.414,.729,.283,2252,107,59,13,40,18,37,2022
Atlanta Braves,3.76,,162,6031,5413,609,1224,218,16,148,82,22,500,1554,.226,.297,.354,.651,.286,1918,99,62,9,46,21,31,2022
Baltimore Orioles,4.25,,162,6058,5490,688,1406,289,14,171,52,24,443,1214,.256,.317,.407,.724,.297,2236,134,64,8,47,8,43,2022
Boston Red Sox,4.86,,162,6167,5517,787,1411,292,27,185,102,28,526,1346,.256,.326,.419,.745,.304,2312,116,72,7,45,17,35,2022
Chicago Cubs,4.51,,162,6162,5506,731,1342,257,29,207,77,32,540,1383,.244,.318,.414,.731,.287,2278,119,73,5,35,19,44,2022
Chicago White Sox,4.43,,162,6145,5498,717,1330,264,18,166,96,26,533,1450,.242,.312,.387,.699,.296,2128,101,51,14,47,15,44,2022
Cincinnati Reds,5.03,,162,6220,5439,815,1366,284,23,213,122,31,612,1414,.251,.336,.429,.766,.299,2335,98,110,11,47,21,22,2022
Cleveland Guardians,3.91,,162,5989,5447,634,1252,246,10,172,94,29,435,1390,.230,.292,.373,.665,.275,2034,107,57,14,36,14,43,2022
Colorado Rockies,5.39,,162,6240,5569,873,1516,326,46,184,101,28,539,1187,.272,.340,.446,.786,.313,2486,134,59,12,59,12,37,2022
Detroit Tigers,4.40,,162,6047,5405,713,1336,237,26,167,79,33,511,1195,.247,.316,.393,.709,.285,2126,122,57,17,56,9,49,2022
Houston Astros,3.20,,162,5856,5295,518,1121,204,16,134,76,23,458,1524,.212,.281,.332,.613,.269,1759,110,60,13,30,6,30,2022
Kansas City Royals,5.00,,162,6249,5505,810,1493,273,26,173,58,25,589,1191,.271,.346,.425,.770,.314,2337,135,71,19,65,15,40,2022
Los Angeles Angels,4.12,,162,6038,5386,668,1241,264,15,168,99,23,540,1383,.230,.306,.379,.684,.277,2039,121,60,17,33,23,40,2022
Los Angeles Dodgers,3.17,,162,5865,5336,513,1114,223,22,152,68,19,407,1465,.209,.273,.344,.617,.256,1837,101,75,15,32,13,46,2022
Miami Marlins,4.17,,162,6056,5423,676,1311,314,28,173,92,27,511,1437,.242,.314,.406,.720,.296,2200,124,76,14,32,19,36,2022
Milwaukee Brewers,4.25,,162,6057,5406,688,1238,240,26,190,79,28,521,1530,.229,.302,.388,.691,.281,2100,101,67,13,44,12,39,2022
Minnesota Twins,4.22,,162,6042,5458,684,1320,270,20,184,92,23,468,1336,.242,.307,.400,.707,.286,2182,107,66,10,39,19,36,2022
New York Mets,3.74,,162,5950,5408,606,1274,232,12,169,86,28,428,1565,.236,.299,.377,.675,.299,2037,117,71,12,27,13,26,2022
New York Yankees,3.50,,162,5938,5380,567,1177,247,8,157,49,28,444,1459,.219,.285,.355,.640,.269,1911,90,65,13,27,10,37,2022
Oakland Athletics,4.75,,162,6121,5491,770,1394,313,28,195,77,29,503,1203,.254,.323,.428,.750,.290,2348,118,72,15,38,37,40,2022
Philadelphia Phillies,4.23,,162,6006,5430,685,1330,286,28,150,56,37,463,1423,.245,.310,.391,.701,.303,2122,106,68,10,35,16,30,2022
Pittsburgh Pirates,5.04,,162,6263,5539,817,1432,324,14,164,92,32,586,1250,.259,.337,.411,.748,.305,2276,128,87,13,34,23,71,2022
San Diego Padres,4.07,,162,6047,5433,660,1263,234,17,173,89,13,468,1451,.232,.301,.377,.679,.283,2050,105,88,8,48,6,28,2022
Seattle Mariners,3.85,,162,5986,5429,623,1277,240,19,186,89,35,447,1391,.235,.298,.389,.688,.281,2113,100,56,18,35,24,28,2022
San Francisco Giants,4.30,,162,6070,5517,697,1397,301,28,132,86,22,441,1370,.253,.313,.390,.702,.312,2150,112,52,18,37,16,34,2022
St. Louis Cardinals,3.93,,162,6014,5409,637,1335,249,21,146,49,20,489,1177,.247,.314,.382,.696,.288,2064,157,60,14,39,11,30,2022
Tampa Bay Rays,3.79,,162,5930,5424,614,1260,239,21,172,76,26,384,1384,.232,.289,.379,.669,.279,2057,98,66,15,34,15,43,2022
Texas Rangers,4.59,,162,6167,5452,743,1345,279,18,169,104,27,581,1314,.247,.325,.397,.722,.293,2167,123,71,16,44,16,40,2022
Toronto Blue Jays,4.19,,162,6053,5493,679,1356,260,19,180,83,33,424,1390,.247,.308,.399,.707,.297,2194,97,76,14,42,15,36,2022
Washington Nationals,5.28,,162,6220,5522,855,1469,245,26,244,97,28,558,1220,.266,.339,.452,.791,.298,2498,106,75,13,51,12,51,2022
League Average,4.28,,162,6068,5449,694,1322,265,21,174,83,27,495,1360,.243,.312,.395,.706,.290,2152,113,68,13,41,16,38,2022
Tm,RA/G,PAu,G,PA,AB,R,H,2B,3B,HR,SB,CS,BB,SO,BA,OBP,SLG,OPS,BAbip,TB,GDP,HBP,SH,SF,IBB,ROE,2022
,4.28,,4860,182052,163465,20817,39675,7940,643,5215,2486,811,14853,40812,.243,.312,.395,.706,.290,64546,3393,2046,390,1224,475,1146,2022
Arizona Diamondbacks,4.70,,162,6100,5477,761,1375,304,39,197,84,33,525,1351,.251,.320,.429,.749,.297,2348,113,48,10,39,13,21,2023
Atlanta Braves,4.42,,162,6135,5480,716,1341,238,21,187,128,28,534,1516,.245,.318,.398,.716,.303,2182,120,70,19,29,14,39,2023
Baltimore Orioles,4.19,,162,6098,5511,678,1334,266,22,177,88,31,473,1431,.242,.307,.395,.702,.294,2175,122,63,12,37,16,35,2023
Boston Red Sox,4.79,,162,6168,5535,776,1416,317,21,208,108,26,497,1423,.256,.325,.433,.758,.307,2399,116,83,13,35,21,50,2023
Chicago Cubs,4.46,,162,6085,5446,723,1328,268,20,179,122,35,513,1377,.244,.314,.399,.713,.292,2173,114,64,19,42,5,42,2023
Chicago White Sox,5.19,,162,6301,5502,841,1372,243,37,214,170,35,654,1470,.249,.337,.424,.760,.300,2331,102,91,8,43,14,35,2023
Cincinnati Reds,5.07,,162,6310,5552,821,1426,305,32,222,123,37,613,1381,.257,.337,.443,.780,.302,2461,112,81,19,42,13,34,2023
Cleveland Guardians,4.30,,162,6144,5495,697,1352,293,17,173,159,31,534,1311,.246,.316,.400,.716,.291,2198,101,51,14,45,9,42,2023
Colorado Rockies,5.91,,162,6316,5559,957,1599,309,47,234,101,37,586,1129,.288,.361,.486,.847,.321,2704,146,86,21,62,13,26,2023
Detroit Tigers,4.57,,162,6073,5490,740,1320,259,24,187,79,23,476,1374,.240,.305,.399,.703,.286,2188,117,50,12,38,8,55,2023
Houston Astros,4.31,,162,6110,5440,698,1312,266,20,201,127,31,537,1460,.241,.316,.408,.724,.291,2221,131,75,14,42,6,29,2023
Kansas City Royals,5.30,,162,6139,5444,859,1429,294,31,207,105,26,553,1270,.262,.336,.442,.778,.304,2406,113,73,10,52,8,32,2023
Los Angeles Angels,5.12,,162,6305,5526,829,1394,271,20,209,89,22,636,1445,.252,.337,.422,.759,.303,2332,107,88,14,36,41,41,2023
Los Angeles Dodgers,4.31,,162,6018,5445,699,1284,256,19,200,142,29,454,1388,.236,.301,.400,.701,.279,2178,127,73,7,35,20,39,2023
Miami Marlins,4.46,,162,6091,5456,723,1340,303,20,191,130,23,514,1490,.246,.317,.413,.730,.302,2256,127,71,12,35,20,32,2023
Milwaukee Brewers,3.99,,162,5990,5380,647,1218,225,16,198,121,23,493,1425,.226,.297,.385,.681,.269,2069,100,60,12,39,7,34,2023
Minnesota Twins,4.07,,162,6028,5472,659,1294,245,28,194,94,30,443,1560,.236,.299,.398,.697,.293,2177,97,63,14,35,16,26,2023
New York Mets,4.50,,162,6115,5381,729,1331,243,19,190,156,24,595,1397,.247,.330,.406,.735,.298,2182,126,85,12,40,13,36,2023
New York Yankees,4.31,,162,6078,5428,698,1272,261,15,195,103,26,508,1439,.234,.308,.396,.703,.281,2148,103,85,11,40,6,40,2023
Oakland Athletics,5.70,,162,6384,5507,924,1464,338,26,213,110,49,694,1300,.266,.355,.453,.807,.308,2493,102,100,15,64,33,37,2023
Philadelphia Phillies,4.41,,162,6074,5493,715,1318,260,23,185,104,28,470,1454,.240,.304,.397,.701,.291,2179,94,54,14,43,6,48,2023
Pittsburgh Pirates,4.88,,162,6238,5491,790,1380,313,20,179,122,23,596,1363,.251,.331,.413,.745,.301,2270,115,81,22,43,25,40,2023
San Diego Padres,4.00,,162,6082,5391,648,1270,236,18,174,120,21,557,1445,.236,.314,.383,.697,.288,2064,116,76,17,38,14,29,2023
Seattle Mariners,4.07,,162,6006,5483,659,1300,250,24,184,111,28,421,1459,.237,.297,.392,.689,.288,2150,102,57,14,31,22,33,2023
San Francisco Giants,4.44,,162,6039,5504,719,1395,275,29,173,124,36,403,1359,.253,.311,.408,.719,.305,2247,129,71,19,35,22,40,2023
St. Louis Cardinals,5.12,,162,6273,5609,829,1549,366,29,179,100,24,530,1215,.276,.343,.447,.790,.321,2510,141,63,17,51,6,36,2023
Tampa Bay Rays,4.10,,162,5994,5447,665,1258,261,26,177,101,20,439,1507,.231,.294,.386,.680,.285,2102,97,63,12,31,10,38,2023
Texas Rangers,4.42,,162,6025,5420,716,1330,234,21,198,91,31,491,1351,.245,.313,.406,.719,.289,2200,126,59,12,42,19,22,2023
Toronto Blue Jays,4.14,,162,6100,5507,671,1326,271,13,198,131,24,488,1528,.241,.309,.403,.711,.296,2217,112,62,17,24,29,36,2023
Washington Nationals,5.22,,162,6285,5547,845,1512,258,15,245,160,32,592,1225,.273,.346,.457,.803,.306,2535,138,66,17,62,25,29,2023
League Average,4.62,,162,6137,5481,748,1361,274,24,196,117,29,527,1395,.248,.320,.414,.734,.297,2270,116,70,14,41,16,36,2023
Tm,RA/G,PAu,G,PA,AB,R,H,2B,3B,HR,SB,CS,BB,SO,BA,OBP,SLG,OPS,BAbip,TB,GDP,HBP,SH,SF,IBB,ROE,2023
,4.62,,4860,184104,164418,22432,40839,8228,712,5868,3503,866,15819,41843,.248,.320,.414,.734,.297,68095,3466,2112,429,1230,474,1076,2023
Arizona Diamondbacks,4.86,,162,6195,5596,788,1468,331,44,181,109,25,481,1313,.262,.324,.434,.758,.310,2430,122,54,12,48,32,21,2024
Atlanta Braves,3.75,,162,5978,5413,607,1277,238,23,150,129,33,449,1553,.236,.301,.372,.672,.301,2011,117,68,13,34,18,30,2024
Baltimore Orioles,4.31,,162,6071,5482,699,1303,262,24,175,121,31,481,1380,.238,.303,.390,.693,.284,2138,86,53,12,42,9,35,2024
Boston Red Sox,4.61,,162,6154,5548,747,1363,246,14,189,99,27,461,1353,.246,.310,.397,.707,.289,2204,104,76,14,53,26,52,2024
Chicago Cubs,4.13,,162,6032,5439,669,1302,221,17,181,118,31,485,1348,.239,.305,.386,.692,.284,2100,80,48,21,35,7,39,2024
Chicago White Sox,5.02,,162,6241,5480,813,1397,275,22,201,139,37,643,1366,.255,.337,.423,.760,.302,2319,99,54,16,45,25,45,2024
Cincinnati Reds,4.28,,162,6064,5438,694,1302,275,16,196,123,37,487,1370,.239,.311,.404,.715,.283,2197,89,93,11,34,14,40,2024
Cleveland Guardians,3.86,,161,5923,5316,621,1224,286,27,179,98,24,492,1410,.230,.301,.395,.696,.277,2101,114,60,13,40,11,36,2024
Colorado Rockies,5.73,,162,6322,5623,929,1604,290,38,221,141,40,563,1118,.285,.354,.468,.823,.319,2633,145,66,18,50,12,25,2024
Detroit Tigers,3.96,,162,5969,5431,642,1265,217,31,159,96,33,416,1354,.233,.292,.372,.664,.279,2021,108,57,12,51,11,38,2024
Houston Astros,4.03,,161,6018,5363,649,1238,222,16,183,135,37,544,1479,.231,.307,.381,.687,.282,2041,116,61,8,38,2,40,2024
Kansas City Royals,3.98,,162,6007,5403,644,1303,275,26,146,58,28,472,1339,.241,.308,.383,.691,.293,2068,105,70,22,37,18,36,2024
Los Angeles Angels,4.92,,162,6146,5404,797,1328,271,20,202,107,34,601,1252,.246,.328,.415,.743,.282,2245,145,81,14,43,34,42,2024
Los Angeles Dodgers,4.23,,162,6047,5420,686,1273,255,20,198,115,38,501,1390,.235,.304,.399,.703,.277,2162,101,55,21,43,19,41,2024
Miami Marlins,5.19,,162,6269,5558,841,1431,296,33,195,139,45,556,1317,.257,.332,.428,.760,.302,2378,102,88,18,48,21,51,2024
Milwaukee Brewers,3.96,,162,6076,5444,641,1289,203,16,196,112,29,494,1373,.237,.306,.388,.693,.279,2112,99,64,25,43,25,48,2024
Minnesota Twins,4.54,,162,6078,5509,735,1333,244,27,190,112,22,433,1500,.242,.303,.400,.702,.295,2201,69,69,13,50,14,34,2024
New York Mets,4.30,,162,6098,5358,697,1232,235,17,165,140,35,586,1455,.230,.315,.373,.687,.283,1996,110,94,17,37,7,31,2024
New York Yankees,4.12,,162,6131,5462,668,1272,276,21,181,122,36,533,1457,.233,.309,.391,.700,.283,2133,93,88,7,37,8,36,2024
Oakland Athletics,4.72,,162,6161,5470,764,1385,314,18,169,114,37,530,1263,.253,.327,.410,.737,.297,2242,128,92,17,51,34,34,2024
Philadelphia Phillies,4.14,,162,6050,5507,671,1339,262,22,181,110,31,444,1433,.243,.305,.397,.702,.295,2188,100,60,9,29,9,49,2024
Pittsburgh Pirates,4.56,,162,6159,5484,739,1369,282,29,166,154,27,515,1356,.250,.321,.402,.723,.300,2207,123,85,17,51,16,36,2024
San Diego Padres,4.13,,162,6029,5435,669,1296,254,19,169,101,23,462,1453,.238,.304,.385,.689,.293,2095,104,67,17,39,17,31,2024
Seattle Mariners,3.75,,162,5801,5340,607,1174,235,19,183,116,40,369,1416,.220,.276,.374,.649,.263,1996,83,52,12,27,16,39,2024
San Francisco Giants,4.31,,162,6095,5440,699,1339,262,29,153,146,37,526,1436,.246,.319,.389,.708,.305,2118,121,70,16,39,11,32,2024
St. Louis Cardinals,4.44,,162,6044,5476,719,1363,281,27,174,153,29,454,1308,.249,.309,.405,.714,.294,2220,139,42,17,53,16,34,2024
Tampa Bay Rays,4.09,,162,6022,5455,663,1286,217,18,196,119,28,445,1406,.236,.299,.390,.689,.280,2127,94,65,16,36,15,37,2024
Texas Rangers,4.56,,162,6108,5444,738,1323,235,20,198,140,20,530,1371,.243,.316,.403,.719,.287,2192,86,74,13,44,26,32,2024
Toronto Blue Jays,4.59,,162,6047,5412,743,1316,249,17,208,119,37,503,1314,.243,.314,.411,.724,.282,2223,114,71,17,40,25,42,2024
Washington Nationals,4.72,,162,6114,5537,764,1429,262,27,168,132,30,473,1314,.258,.319,.406,.725,.308,2249,131,43,14,44,11,41,2024
League Average,4.39,,162,6082,5456,711,1327,259,23,182,121,32,498,1373,.243,.312,.399,.711,.291,2178,108,67,15,42,17,38,2024
Tm,RA/G,PAu,G,PA,AB,R,H,2B,3B,HR,SB,CS,BB,SO,BA,OBP,SLG,OPS,BAbip,TB,GDP,HBP,SH,SF,IBB,ROE,2024
,4.39,,4858,182449,163687,21343,39823,7771,697,5453,3617,961,14929,41197,.243,.312,.399,.711,.291,65347,3227,2020,452,1261,509,1127,2024
Arizona Diamondbacks,4.85,,162,6183,5566,785,1403,317,29,196,107,24,500,1288,.252,.318,.425,.743,.293,2366,110,57,20,38,20,43,2025
Athletics,5.04,,162,6232,5509,817,1387,290,19,222,130,29,570,1323,.252,.328,.432,.760,.290,2381,94,80,16,55,26,34,2025
Atlanta Braves,4.53,,162,6116,5460,734,1348,245,23,197,152,38,530,1416,.247,.319,.408,.728,.296,2230,89,70,15,41,20,17,2025
Baltimore Orioles,4.86,,162,6166,5529,788,1433,248,26,217,104,29,523,1351,.259,.326,.431,.757,.304,2384,109,48,20,43,19,26,2025
Boston Red Sox,4.17,,162,6150,5482,676,1333,215,9,164,124,42,530,1361,.243,.316,.375,.691,.292,2058,116,73,14,41,17,47,2025
Chicago Cubs,4.01,,162,5904,5383,649,1284,222,23,202,80,35,405,1265,.239,.296,.401,.697,.273,2158,102,53,20,41,9,27,2025
Chicago White Sox,4.58,,162,6124,5394,742,1336,287,23,189,147,31,595,1286,.248,.328,.415,.743,.289,2236,116,72,12,45,29,48,2025
Cincinnati Reds,4.20,,162,6035,5399,681,1260,284,18,190,114,35,494,1380,.233,.303,.398,.701,.276,2150,83,67,26,45,13,42,2025
Cleveland Guardians,4.01,,162,6054,5414,649,1291,247,18,169,108,42,527,1381,.238,.310,.384,.695,.287,2081,98,54,19,39,19,34,2025
Colorado Rockies,6.30,,162,6367,5661,1021,1673,329,31,251,131,32,554,1093,.296,.362,.498,.860,.325,2817,131,73,15,59,19,39,2025
Detroit Tigers,4.27,,162,6034,5428,691,1309,247,21,187,82,36,485,1375,.241,.308,.398,.706,.288,2159,113,59,22,36,14,33,2025
Houston Astros,4.10,,162,6041,5408,665,1257,242,16,199,157,30,508,1504,.232,.303,.393,.697,.283,2128,89,58,23,40,7,26,2025
Kansas City Royals,3.93,,162,5997,5430,637,1308,256,26,171,47,23,478,1271,.241,.306,.392,.698,.283,2129,117,45,17,25,17,26,2025
Los Angeles Angels,5.17,,162,6255,5504,837,1429,252,22,223,124,30,620,1280,.260,.337,.435,.772,.297,2394,140,52,18,59,44,47,2025
Los Angeles Dodgers,4.22,,162,6077,5380,683,1250,251,24,175,112,39,563,1505,.232,.310,.386,.696,.287,2074,85,65,21,48,33,25,2025
Miami Marlins,4.93,,162,6185,5543,798,1376,280,23,199,191,24,507,1294,.248,.317,.415,.731,.287,2299,90,71,10,50,17,38,2025
Milwaukee Brewers,3.91,,162,6041,5378,634,1237,226,17,168,78,29,534,1432,.230,.305,.372,.677,.280,2001,109,66,22,37,20,29,2025
Minnesota Twins,4.77,,162,6116,5506,773,1411,275,13,194,134,38,459,1372,.256,.318,.417,.735,.304,2294,80,69,21,60,19,36,2025
New York Mets,4.41,,162,6153,5450,715,1338,258,25,149,80,39,556,1387,.246,.322,.384,.706,.300,2093,100,80,16,44,6,31,2025
New York Yankees,4.23,,162,6080,5414,685,1239,244,22,175,102,26,557,1440,.229,.306,.379,.685,.278,2052,91,57,13,34,12,37,2025
Philadelphia Phillies,4.00,,162,6026,5488,648,1342,250,16,177,99,41,435,1471,.245,.304,.393,.697,.301,2155,86,52,16,35,9,24,2025
Pittsburgh Pirates,3.98,,162,5982,5374,645,1267,285,21,153,105,31,473,1314,.236,.304,.382,.686,.282,2053,101,73,18,43,18,29,2025
San Diego Padres,3.83,,162,5981,5314,621,1197,202,16,178,106,27,535,1425,.225,.302,.370,.671,.272,1965,102,65,22,42,22,29,2025
Seattle Mariners,4.28,,162,6134,5530,694,1331,249,16,192,116,27,454,1426,.241,.305,.396,.700,.288,2188,107,74,27,47,26,32,2025
San Francisco Giants,4.22,,162,6095,5450,684,1353,293,22,143,92,38,506,1358,.248,.318,.389,.707,.303,2119,109,69,28,41,18,41,2025
St. Louis Cardinals,4.65,,162,6120,5528,754,1434,274,36,170,121,35,461,1209,.259,.319,.414,.733,.301,2290,106,48,25,53,17,32,2025
Tampa Bay Rays,4.22,,162,5960,5369,683,1273,225,14,205,152,40,474,1416,.237,.305,.399,.704,.282,2141,128,67,13,34,11,42,2025
Texas Rangers,3.73,,162,5942,5373,605,1235,229,16,172,127,26,463,1344,.230,.295,.374,.670,.273,2012,109,50,19,36,24,25,2025
Toronto Blue Jays,4.45,,162,6089,5446,721,1313,253,14,209,110,34,517,1430,.241,.313,.408,.721,.287,2221,97,72,13,39,25,39,2025
Washington Nationals,5.55,,162,6287,5554,899,1491,270,29,214,107,39,566,1248,.268,.342,.443,.786,.308,2461,114,89,19,57,6,40,2025
League Average,4.45,,162,6098,5455,720,1338,258,21,188,115,33,513,1355,.245,.315,.404,.719,.291,2203,104,64,19,44,19,34,2025
Tm,RA/G,PAu,G,PA,AB,R,H,2B,3B,HR,SB,CS,BB,SO,BA,OBP,SLG,OPS,BAbip,TB,GDP,HBP,SH,SF,IBB,ROE,2025
,4.45,,4860,182926,163664,21614,40138,7745,628,5650,3439,989,15379,40645,.245,.315,.404,.719,.291,66089,3121,1928,560,1307,556,1018,2025
